Record Length,2.500000e+03,,   0.019840000000,  -0.04000,
Sample Interval,1.000000e-06,,   0.019841000000,  -0.04000,
Trigger Point,-1.984000000000e+04,,   0.019842000000,  -0.04000,
,,,   0.019843000000,  -0.04000,
,,,   0.019844000000,  -0.04000,
,,,   0.019845000000,  -0.04000,
Source,CH1,,   0.019846000000,  -0.04000,
Vertical Units,V,,   0.019847000000,  -0.04000,
Vertical Scale,1.000000e+00,,   0.019848000000,  -0.04000,
Vertical Offset,-2.720000e+00,,   0.019849000000,  -0.04000,
Horizontal Units,s,,   0.019850000000,  -0.04000,
Horizontal Scale,2.500000e-04,,   0.019851000000,  -0.04000,
Pt Fmt,Y,,   0.019852000000,  -0.04000,
Yzero,0.000000e+00,,   0.019853000000,  -0.04000,
Probe Atten,1.000000e+00,,   0.019854000000,  -0.04000,
Model Number,TBS1052B,,   0.019855000000,  -0.04000,
Serial Number,C018313,,   0.019856000000,  -0.04000,
Firmware Version,FV:v4.0,,   0.019857000000,  -0.04000,
,,,0.019858000000,  -0.04000,
,,,0.019859000000,  -0.04000,
,,,0.019860000000,  -0.04000,
,,,0.019861000000,  -0.04000,
,,,0.019862000000,  -0.04000,
,,,0.019863000000,  -0.04000,
,,,0.019864000000,  -0.04000,
,,,0.019865000000,  -0.04000,
,,,0.019866000000,  -0.04000,
,,,0.019867000000,  -0.04000,
,,,0.019868000000,  -0.04000,
,,,0.019869000000,  -0.04000,
,,,0.019870000000,  -0.04000,
,,,0.019871000000,  -0.04000,
,,,0.019872000000,  -0.04000,
,,,0.019873000000,  -0.04000,
,,,0.019874000000,  -0.04000,
,,,0.019875000000,  -0.04000,
,,,0.019876000000,  -0.04000,
,,,0.019877000000,  -0.04000,
,,,0.019878000000,  -0.04000,
,,,0.019879000000,  -0.04000,
,,,0.019880000000,  -0.04000,
,,,0.019881000000,  -0.04000,
,,,0.019882000000,  -0.04000,
,,,0.019883000000,  -0.04000,
,,,0.019884000000,  -0.04000,
,,,0.019885000000,  -0.04000,
,,,0.019886000000,  -0.04000,
,,,0.019887000000,  -0.04000,
,,,0.019888000000,  -0.04000,
,,,0.019889000000,  -0.04000,
,,,0.019890000000,  -0.04000,
,,,0.019891000000,  -0.04000,
,,,0.019892000000,  -0.04000,
,,,0.019893000000,  -0.04000,
,,,0.019894000000,  -0.04000,
,,,0.019895000000,  -0.04000,
,,,0.019896000000,  -0.04000,
,,,0.019897000000,  -0.04000,
,,,0.019898000000,  -0.04000,
,,,0.019899000000,  -0.04000,
,,,0.019900000000,  -0.04000,
,,,0.019901000000,  -0.04000,
,,,0.019902000000,  -0.04000,
,,,0.019903000000,  -0.04000,
,,,0.019904000000,  -0.04000,
,,,0.019905000000,  -0.04000,
,,,0.019906000000,  -0.04000,
,,,0.019907000000,  -0.04000,
,,,0.019908000000,  -0.04000,
,,,0.019909000000,  -0.04000,
,,,0.019910000000,  -0.04000,
,,,0.019911000000,  -0.04000,
,,,0.019912000000,  -0.04000,
,,,0.019913000000,  -0.04000,
,,,0.019914000000,  -0.04000,
,,,0.019915000000,  -0.04000,
,,,0.019916000000,  -0.04000,
,,,0.019917000000,  -0.04000,
,,,0.019918000000,  -0.04000,
,,,0.019919000000,  -0.04000,
,,,0.019920000000,  -0.04000,
,,,0.019921000000,  -0.04000,
,,,0.019922000000,  -0.04000,
,,,0.019923000000,  -0.04000,
,,,0.019924000000,  -0.04000,
,,,0.019925000000,  -0.04000,
,,,0.019926000000,  -0.04000,
,,,0.019927000000,  -0.04000,
,,,0.019928000000,  -0.04000,
,,,0.019929000000,  -0.04000,
,,,0.019930000000,  -0.04000,
,,,0.019931000000,  -0.04000,
,,,0.019932000000,  -0.04000,
,,,0.019933000000,  -0.04000,
,,,0.019934000000,  -0.04000,
,,,0.019935000000,  -0.04000,
,,,0.019936000000,  -0.04000,
,,,0.019937000000,  -0.04000,
,,,0.019938000000,  -0.04000,
,,,0.019939000000,  -0.04000,
,,,0.019940000000,  -0.04000,
,,,0.019941000000,  -0.04000,
,,,0.019942000000,  -0.04000,
,,,0.019943000000,  -0.04000,
,,,0.019944000000,  -0.04000,
,,,0.019945000000,  -0.04000,
,,,0.019946000000,  -0.04000,
,,,0.019947000000,  -0.04000,
,,,0.019948000000,  -0.04000,
,,,0.019949000000,  -0.04000,
,,,0.019950000000,   0.00000,
,,,0.019951000000,  -0.04000,
,,,0.019952000000,  -0.04000,
,,,0.019953000000,  -0.04000,
,,,0.019954000000,  -0.04000,
,,,0.019955000000,  -0.04000,
,,,0.019956000000,  -0.04000,
,,,0.019957000000,  -0.04000,
,,,0.019958000000,  -0.04000,
,,,0.019959000000,  -0.04000,
,,,0.019960000000,  -0.04000,
,,,0.019961000000,  -0.04000,
,,,0.019962000000,  -0.04000,
,,,0.019963000000,  -0.04000,
,,,0.019964000000,  -0.04000,
,,,0.019965000000,  -0.08000,
,,,0.019966000000,  -0.04000,
,,,0.019967000000,  -0.04000,
,,,0.019968000000,  -0.04000,
,,,0.019969000000,  -0.04000,
,,,0.019970000000,  -0.04000,
,,,0.019971000000,  -0.04000,
,,,0.019972000000,  -0.04000,
,,,0.019973000000,  -0.04000,
,,,0.019974000000,  -0.04000,
,,,0.019975000000,  -0.04000,
,,,0.019976000000,  -0.04000,
,,,0.019977000000,  -0.04000,
,,,0.019978000000,  -0.04000,
,,,0.019979000000,  -0.04000,
,,,0.019980000000,  -0.04000,
,,,0.019981000000,  -0.04000,
,,,0.019982000000,  -0.04000,
,,,0.019983000000,  -0.04000,
,,,0.019984000000,  -0.04000,
,,,0.019985000000,  -0.04000,
,,,0.019986000000,  -0.04000,
,,,0.019987000000,  -0.04000,
,,,0.019988000000,  -0.04000,
,,,0.019989000000,  -0.04000,
,,,0.019990000000,  -0.04000,
,,,0.019991000000,  -0.04000,
,,,0.019992000000,  -0.04000,
,,,0.019993000000,  -0.04000,
,,,0.019994000000,  -0.04000,
,,,0.019995000000,  -0.04000,
,,,0.019996000000,  -0.04000,
,,,0.019997000000,  -0.04000,
,,,0.019998000000,  -0.04000,
,,,0.019999000000,  -0.04000,
,,,0.020000000000,  -0.04000,
,,,0.020001000000,  -0.04000,
,,,0.020002000000,  -0.04000,
,,,0.020003000000,  -0.04000,
,,,0.020004000000,  -0.04000,
,,,0.020005000000,  -0.04000,
,,,0.020006000000,  -0.04000,
,,,0.020007000000,  -0.04000,
,,,0.020008000000,  -0.04000,
,,,0.020009000000,  -0.04000,
,,,0.020010000000,  -0.04000,
,,,0.020011000000,  -0.04000,
,,,0.020012000000,  -0.04000,
,,,0.020013000000,  -0.04000,
,,,0.020014000000,  -0.04000,
,,,0.020015000000,  -0.04000,
,,,0.020016000000,  -0.04000,
,,,0.020017000000,  -0.04000,
,,,0.020018000000,  -0.04000,
,,,0.020019000000,  -0.04000,
,,,0.020020000000,  -0.04000,
,,,0.020021000000,  -0.04000,
,,,0.020022000000,  -0.04000,
,,,0.020023000000,  -0.04000,
,,,0.020024000000,  -0.04000,
,,,0.020025000000,  -0.04000,
,,,0.020026000000,  -0.04000,
,,,0.020027000000,  -0.04000,
,,,0.020028000000,  -0.04000,
,,,0.020029000000,  -0.04000,
,,,0.020030000000,  -0.04000,
,,,0.020031000000,  -0.04000,
,,,0.020032000000,  -0.04000,
,,,0.020033000000,  -0.04000,
,,,0.020034000000,  -0.04000,
,,,0.020035000000,  -0.04000,
,,,0.020036000000,  -0.04000,
,,,0.020037000000,  -0.04000,
,,,0.020038000000,  -0.04000,
,,,0.020039000000,  -0.04000,
,,,0.020040000000,  -0.04000,
,,,0.020041000000,  -0.04000,
,,,0.020042000000,  -0.04000,
,,,0.020043000000,  -0.04000,
,,,0.020044000000,  -0.04000,
,,,0.020045000000,  -0.04000,
,,,0.020046000000,  -0.04000,
,,,0.020047000000,  -0.04000,
,,,0.020048000000,  -0.04000,
,,,0.020049000000,  -0.04000,
,,,0.020050000000,  -0.04000,
,,,0.020051000000,  -0.04000,
,,,0.020052000000,  -0.04000,
,,,0.020053000000,  -0.04000,
,,,0.020054000000,  -0.04000,
,,,0.020055000000,  -0.04000,
,,,0.020056000000,  -0.04000,
,,,0.020057000000,  -0.04000,
,,,0.020058000000,  -0.04000,
,,,0.020059000000,  -0.04000,
,,,0.020060000000,  -0.04000,
,,,0.020061000000,  -0.04000,
,,,0.020062000000,  -0.04000,
,,,0.020063000000,  -0.04000,
,,,0.020064000000,  -0.04000,
,,,0.020065000000,  -0.04000,
,,,0.020066000000,  -0.04000,
,,,0.020067000000,  -0.04000,
,,,0.020068000000,  -0.04000,
,,,0.020069000000,  -0.04000,
,,,0.020070000000,  -0.04000,
,,,0.020071000000,  -0.04000,
,,,0.020072000000,  -0.04000,
,,,0.020073000000,  -0.04000,
,,,0.020074000000,  -0.04000,
,,,0.020075000000,  -0.04000,
,,,0.020076000000,  -0.04000,
,,,0.020077000000,  -0.04000,
,,,0.020078000000,  -0.04000,
,,,0.020079000000,  -0.04000,
,,,0.020080000000,  -0.04000,
,,,0.020081000000,  -0.04000,
,,,0.020082000000,  -0.04000,
,,,0.020083000000,  -0.04000,
,,,0.020084000000,  -0.04000,
,,,0.020085000000,  -0.04000,
,,,0.020086000000,  -0.04000,
,,,0.020087000000,  -0.04000,
,,,0.020088000000,  -0.04000,
,,,0.020089000000,  -0.04000,
,,,0.020090000000,  -0.04000,
,,,0.020091000000,  -0.04000,
,,,0.020092000000,  -0.04000,
,,,0.020093000000,  -0.04000,
,,,0.020094000000,  -0.04000,
,,,0.020095000000,  -0.04000,
,,,0.020096000000,  -0.04000,
,,,0.020097000000,  -0.04000,
,,,0.020098000000,  -0.04000,
,,,0.020099000000,  -0.04000,
,,,0.020100000000,  -0.04000,
,,,0.020101000000,  -0.04000,
,,,0.020102000000,  -0.04000,
,,,0.020103000000,  -0.04000,
,,,0.020104000000,  -0.04000,
,,,0.020105000000,  -0.04000,
,,,0.020106000000,  -0.04000,
,,,0.020107000000,  -0.04000,
,,,0.020108000000,  -0.04000,
,,,0.020109000000,  -0.04000,
,,,0.020110000000,  -0.04000,
,,,0.020111000000,  -0.04000,
,,,0.020112000000,  -0.04000,
,,,0.020113000000,  -0.04000,
,,,0.020114000000,  -0.04000,
,,,0.020115000000,  -0.04000,
,,,0.020116000000,  -0.04000,
,,,0.020117000000,  -0.04000,
,,,0.020118000000,  -0.04000,
,,,0.020119000000,  -0.04000,
,,,0.020120000000,  -0.04000,
,,,0.020121000000,  -0.04000,
,,,0.020122000000,  -0.04000,
,,,0.020123000000,  -0.04000,
,,,0.020124000000,  -0.04000,
,,,0.020125000000,  -0.04000,
,,,0.020126000000,  -0.04000,
,,,0.020127000000,  -0.04000,
,,,0.020128000000,  -0.04000,
,,,0.020129000000,  -0.04000,
,,,0.020130000000,  -0.04000,
,,,0.020131000000,  -0.04000,
,,,0.020132000000,  -0.04000,
,,,0.020133000000,  -0.04000,
,,,0.020134000000,  -0.04000,
,,,0.020135000000,   0.00000,
,,,0.020136000000,  -0.04000,
,,,0.020137000000,  -0.04000,
,,,0.020138000000,  -0.04000,
,,,0.020139000000,  -0.04000,
,,,0.020140000000,  -0.04000,
,,,0.020141000000,  -0.04000,
,,,0.020142000000,  -0.04000,
,,,0.020143000000,  -0.04000,
,,,0.020144000000,  -0.04000,
,,,0.020145000000,  -0.04000,
,,,0.020146000000,  -0.04000,
,,,0.020147000000,  -0.04000,
,,,0.020148000000,  -0.04000,
,,,0.020149000000,  -0.04000,
,,,0.020150000000,  -0.04000,
,,,0.020151000000,  -0.04000,
,,,0.020152000000,  -0.04000,
,,,0.020153000000,  -0.04000,
,,,0.020154000000,  -0.04000,
,,,0.020155000000,  -0.04000,
,,,0.020156000000,  -0.04000,
,,,0.020157000000,  -0.04000,
,,,0.020158000000,  -0.04000,
,,,0.020159000000,  -0.04000,
,,,0.020160000000,  -0.04000,
,,,0.020161000000,  -0.04000,
,,,0.020162000000,  -0.04000,
,,,0.020163000000,  -0.04000,
,,,0.020164000000,  -0.04000,
,,,0.020165000000,  -0.04000,
,,,0.020166000000,  -0.04000,
,,,0.020167000000,  -0.04000,
,,,0.020168000000,  -0.04000,
,,,0.020169000000,  -0.04000,
,,,0.020170000000,  -0.04000,
,,,0.020171000000,  -0.04000,
,,,0.020172000000,  -0.04000,
,,,0.020173000000,  -0.04000,
,,,0.020174000000,  -0.04000,
,,,0.020175000000,  -0.04000,
,,,0.020176000000,  -0.04000,
,,,0.020177000000,  -0.04000,
,,,0.020178000000,  -0.04000,
,,,0.020179000000,  -0.04000,
,,,0.020180000000,  -0.04000,
,,,0.020181000000,  -0.04000,
,,,0.020182000000,  -0.04000,
,,,0.020183000000,  -0.04000,
,,,0.020184000000,  -0.04000,
,,,0.020185000000,  -0.04000,
,,,0.020186000000,  -0.04000,
,,,0.020187000000,  -0.04000,
,,,0.020188000000,  -0.04000,
,,,0.020189000000,  -0.04000,
,,,0.020190000000,  -0.04000,
,,,0.020191000000,  -0.04000,
,,,0.020192000000,  -0.04000,
,,,0.020193000000,  -0.04000,
,,,0.020194000000,  -0.04000,
,,,0.020195000000,  -0.04000,
,,,0.020196000000,  -0.04000,
,,,0.020197000000,  -0.04000,
,,,0.020198000000,  -0.04000,
,,,0.020199000000,  -0.04000,
,,,0.020200000000,  -0.04000,
,,,0.020201000000,  -0.04000,
,,,0.020202000000,  -0.04000,
,,,0.020203000000,  -0.04000,
,,,0.020204000000,  -0.04000,
,,,0.020205000000,  -0.04000,
,,,0.020206000000,  -0.04000,
,,,0.020207000000,  -0.04000,
,,,0.020208000000,  -0.08000,
,,,0.020209000000,  -0.04000,
,,,0.020210000000,  -0.04000,
,,,0.020211000000,  -0.04000,
,,,0.020212000000,  -0.04000,
,,,0.020213000000,  -0.04000,
,,,0.020214000000,  -0.04000,
,,,0.020215000000,  -0.04000,
,,,0.020216000000,  -0.04000,
,,,0.020217000000,  -0.04000,
,,,0.020218000000,  -0.04000,
,,,0.020219000000,  -0.04000,
,,,0.020220000000,  -0.04000,
,,,0.020221000000,  -0.04000,
,,,0.020222000000,  -0.04000,
,,,0.020223000000,  -0.04000,
,,,0.020224000000,  -0.04000,
,,,0.020225000000,  -0.04000,
,,,0.020226000000,  -0.04000,
,,,0.020227000000,  -0.04000,
,,,0.020228000000,  -0.04000,
,,,0.020229000000,  -0.04000,
,,,0.020230000000,  -0.04000,
,,,0.020231000000,  -0.04000,
,,,0.020232000000,  -0.04000,
,,,0.020233000000,  -0.04000,
,,,0.020234000000,  -0.04000,
,,,0.020235000000,  -0.04000,
,,,0.020236000000,  -0.04000,
,,,0.020237000000,  -0.04000,
,,,0.020238000000,  -0.04000,
,,,0.020239000000,  -0.04000,
,,,0.020240000000,  -0.04000,
,,,0.020241000000,  -0.04000,
,,,0.020242000000,  -0.04000,
,,,0.020243000000,  -0.04000,
,,,0.020244000000,  -0.04000,
,,,0.020245000000,  -0.04000,
,,,0.020246000000,  -0.04000,
,,,0.020247000000,  -0.04000,
,,,0.020248000000,  -0.04000,
,,,0.020249000000,  -0.04000,
,,,0.020250000000,  -0.04000,
,,,0.020251000000,  -0.04000,
,,,0.020252000000,  -0.08000,
,,,0.020253000000,  -0.04000,
,,,0.020254000000,  -0.04000,
,,,0.020255000000,  -0.04000,
,,,0.020256000000,  -0.04000,
,,,0.020257000000,  -0.04000,
,,,0.020258000000,  -0.04000,
,,,0.020259000000,  -0.04000,
,,,0.020260000000,  -0.04000,
,,,0.020261000000,  -0.04000,
,,,0.020262000000,  -0.04000,
,,,0.020263000000,  -0.04000,
,,,0.020264000000,  -0.04000,
,,,0.020265000000,  -0.04000,
,,,0.020266000000,  -0.04000,
,,,0.020267000000,  -0.04000,
,,,0.020268000000,  -0.04000,
,,,0.020269000000,  -0.04000,
,,,0.020270000000,  -0.04000,
,,,0.020271000000,  -0.04000,
,,,0.020272000000,  -0.04000,
,,,0.020273000000,  -0.04000,
,,,0.020274000000,  -0.04000,
,,,0.020275000000,  -0.04000,
,,,0.020276000000,  -0.04000,
,,,0.020277000000,  -0.04000,
,,,0.020278000000,  -0.04000,
,,,0.020279000000,  -0.04000,
,,,0.020280000000,  -0.04000,
,,,0.020281000000,  -0.04000,
,,,0.020282000000,  -0.04000,
,,,0.020283000000,  -0.04000,
,,,0.020284000000,  -0.04000,
,,,0.020285000000,  -0.04000,
,,,0.020286000000,  -0.04000,
,,,0.020287000000,  -0.04000,
,,,0.020288000000,  -0.04000,
,,,0.020289000000,  -0.04000,
,,,0.020290000000,  -0.04000,
,,,0.020291000000,  -0.04000,
,,,0.020292000000,  -0.04000,
,,,0.020293000000,  -0.04000,
,,,0.020294000000,  -0.04000,
,,,0.020295000000,  -0.04000,
,,,0.020296000000,  -0.04000,
,,,0.020297000000,  -0.04000,
,,,0.020298000000,  -0.04000,
,,,0.020299000000,  -0.04000,
,,,0.020300000000,  -0.04000,
,,,0.020301000000,  -0.04000,
,,,0.020302000000,  -0.04000,
,,,0.020303000000,  -0.04000,
,,,0.020304000000,  -0.04000,
,,,0.020305000000,  -0.04000,
,,,0.020306000000,  -0.04000,
,,,0.020307000000,  -0.04000,
,,,0.020308000000,  -0.04000,
,,,0.020309000000,  -0.04000,
,,,0.020310000000,  -0.04000,
,,,0.020311000000,  -0.04000,
,,,0.020312000000,  -0.04000,
,,,0.020313000000,  -0.04000,
,,,0.020314000000,  -0.04000,
,,,0.020315000000,  -0.04000,
,,,0.020316000000,  -0.04000,
,,,0.020317000000,  -0.04000,
,,,0.020318000000,  -0.04000,
,,,0.020319000000,  -0.04000,
,,,0.020320000000,  -0.04000,
,,,0.020321000000,  -0.04000,
,,,0.020322000000,  -0.04000,
,,,0.020323000000,  -0.04000,
,,,0.020324000000,  -0.04000,
,,,0.020325000000,  -0.04000,
,,,0.020326000000,  -0.04000,
,,,0.020327000000,  -0.04000,
,,,0.020328000000,  -0.04000,
,,,0.020329000000,  -0.04000,
,,,0.020330000000,   0.00000,
,,,0.020331000000,  -0.04000,
,,,0.020332000000,  -0.04000,
,,,0.020333000000,  -0.04000,
,,,0.020334000000,  -0.04000,
,,,0.020335000000,  -0.04000,
,,,0.020336000000,  -0.04000,
,,,0.020337000000,  -0.04000,
,,,0.020338000000,  -0.04000,
,,,0.020339000000,  -0.04000,
,,,0.020340000000,  -0.04000,
,,,0.020341000000,  -0.04000,
,,,0.020342000000,  -0.04000,
,,,0.020343000000,  -0.04000,
,,,0.020344000000,  -0.04000,
,,,0.020345000000,  -0.04000,
,,,0.020346000000,   4.52000,
,,,0.020347000000,   4.64000,
,,,0.020348000000,   4.64000,
,,,0.020349000000,   4.64000,
,,,0.020350000000,   4.68000,
,,,0.020351000000,  -0.04000,
,,,0.020352000000,   0.00000,
,,,0.020353000000,  -0.04000,
,,,0.020354000000,  -0.04000,
,,,0.020355000000,   0.00000,
,,,0.020356000000,  -0.04000,
,,,0.020357000000,  -0.04000,
,,,0.020358000000,   0.00000,
,,,0.020359000000,  -0.04000,
,,,0.020360000000,  -0.04000,
,,,0.020361000000,  -0.04000,
,,,0.020362000000,  -0.04000,
,,,0.020363000000,  -0.04000,
,,,0.020364000000,  -0.04000,
,,,0.020365000000,  -0.04000,
,,,0.020366000000,  -0.04000,
,,,0.020367000000,  -0.08000,
,,,0.020368000000,  -0.04000,
,,,0.020369000000,  -0.04000,
,,,0.020370000000,  -0.04000,
,,,0.020371000000,  -0.04000,
,,,0.020372000000,  -0.04000,
,,,0.020373000000,  -0.04000,
,,,0.020374000000,  -0.04000,
,,,0.020375000000,  -0.04000,
,,,0.020376000000,  -0.04000,
,,,0.020377000000,  -0.04000,
,,,0.020378000000,  -0.04000,
,,,0.020379000000,  -0.04000,
,,,0.020380000000,  -0.04000,
,,,0.020381000000,  -0.04000,
,,,0.020382000000,  -0.04000,
,,,0.020383000000,  -0.04000,
,,,0.020384000000,  -0.04000,
,,,0.020385000000,  -0.04000,
,,,0.020386000000,  -0.04000,
,,,0.020387000000,  -0.04000,
,,,0.020388000000,  -0.04000,
,,,0.020389000000,  -0.04000,
,,,0.020390000000,  -0.04000,
,,,0.020391000000,  -0.04000,
,,,0.020392000000,  -0.04000,
,,,0.020393000000,  -0.04000,
,,,0.020394000000,  -0.04000,
,,,0.020395000000,  -0.04000,
,,,0.020396000000,  -0.04000,
,,,0.020397000000,  -0.04000,
,,,0.020398000000,  -0.04000,
,,,0.020399000000,  -0.04000,
,,,0.020400000000,  -0.04000,
,,,0.020401000000,  -0.04000,
,,,0.020402000000,  -0.04000,
,,,0.020403000000,  -0.04000,
,,,0.020404000000,  -0.04000,
,,,0.020405000000,  -0.04000,
,,,0.020406000000,  -0.04000,
,,,0.020407000000,  -0.04000,
,,,0.020408000000,  -0.04000,
,,,0.020409000000,  -0.04000,
,,,0.020410000000,  -0.04000,
,,,0.020411000000,  -0.04000,
,,,0.020412000000,  -0.04000,
,,,0.020413000000,  -0.04000,
,,,0.020414000000,  -0.04000,
,,,0.020415000000,  -0.04000,
,,,0.020416000000,  -0.04000,
,,,0.020417000000,  -0.04000,
,,,0.020418000000,  -0.04000,
,,,0.020419000000,  -0.04000,
,,,0.020420000000,  -0.04000,
,,,0.020421000000,  -0.04000,
,,,0.020422000000,  -0.04000,
,,,0.020423000000,  -0.04000,
,,,0.020424000000,  -0.04000,
,,,0.020425000000,  -0.04000,
,,,0.020426000000,  -0.04000,
,,,0.020427000000,  -0.04000,
,,,0.020428000000,  -0.04000,
,,,0.020429000000,  -0.04000,
,,,0.020430000000,  -0.04000,
,,,0.020431000000,  -0.04000,
,,,0.020432000000,  -0.04000,
,,,0.020433000000,  -0.04000,
,,,0.020434000000,  -0.04000,
,,,0.020435000000,  -0.04000,
,,,0.020436000000,  -0.04000,
,,,0.020437000000,  -0.04000,
,,,0.020438000000,  -0.04000,
,,,0.020439000000,  -0.04000,
,,,0.020440000000,  -0.04000,
,,,0.020441000000,  -0.04000,
,,,0.020442000000,  -0.04000,
,,,0.020443000000,  -0.04000,
,,,0.020444000000,   1.08000,
,,,0.020445000000,   4.60000,
,,,0.020446000000,   4.64000,
,,,0.020447000000,   4.64000,
,,,0.020448000000,   4.64000,
,,,0.020449000000,   4.68000,
,,,0.020450000000,   4.68000,
,,,0.020451000000,   4.64000,
,,,0.020452000000,   4.68000,
,,,0.020453000000,   4.64000,
,,,0.020454000000,   4.68000,
,,,0.020455000000,   4.64000,
,,,0.020456000000,   4.68000,
,,,0.020457000000,   4.68000,
,,,0.020458000000,   4.64000,
,,,0.020459000000,   4.68000,
,,,0.020460000000,   4.68000,
,,,0.020461000000,   4.68000,
,,,0.020462000000,   0.16000,
,,,0.020463000000,   0.00000,
,,,0.020464000000,   0.00000,
,,,0.020465000000,   0.00000,
,,,0.020466000000,  -0.04000,
,,,0.020467000000,  -0.04000,
,,,0.020468000000,  -0.04000,
,,,0.020469000000,  -0.04000,
,,,0.020470000000,  -0.04000,
,,,0.020471000000,  -0.04000,
,,,0.020472000000,  -0.04000,
,,,0.020473000000,  -0.04000,
,,,0.020474000000,  -0.04000,
,,,0.020475000000,  -0.04000,
,,,0.020476000000,  -0.04000,
,,,0.020477000000,  -0.04000,
,,,0.020478000000,  -0.04000,
,,,0.020479000000,  -0.04000,
,,,0.020480000000,  -0.04000,
,,,0.020481000000,  -0.04000,
,,,0.020482000000,  -0.04000,
,,,0.020483000000,  -0.04000,
,,,0.020484000000,  -0.04000,
,,,0.020485000000,  -0.04000,
,,,0.020486000000,  -0.04000,
,,,0.020487000000,  -0.04000,
,,,0.020488000000,  -0.04000,
,,,0.020489000000,  -0.04000,
,,,0.020490000000,  -0.04000,
,,,0.020491000000,  -0.04000,
,,,0.020492000000,  -0.04000,
,,,0.020493000000,  -0.04000,
,,,0.020494000000,  -0.04000,
,,,0.020495000000,  -0.04000,
,,,0.020496000000,  -0.04000,
,,,0.020497000000,  -0.04000,
,,,0.020498000000,  -0.04000,
,,,0.020499000000,  -0.04000,
,,,0.020500000000,  -0.04000,
,,,0.020501000000,   0.00000,
,,,0.020502000000,  -0.04000,
,,,0.020503000000,  -0.04000,
,,,0.020504000000,  -0.04000,
,,,0.020505000000,  -0.04000,
,,,0.020506000000,  -0.04000,
,,,0.020507000000,  -0.04000,
,,,0.020508000000,  -0.04000,
,,,0.020509000000,  -0.04000,
,,,0.020510000000,  -0.04000,
,,,0.020511000000,  -0.04000,
,,,0.020512000000,  -0.04000,
,,,0.020513000000,  -0.04000,
,,,0.020514000000,  -0.04000,
,,,0.020515000000,  -0.04000,
,,,0.020516000000,  -0.04000,
,,,0.020517000000,  -0.04000,
,,,0.020518000000,  -0.04000,
,,,0.020519000000,  -0.04000,
,,,0.020520000000,  -0.04000,
,,,0.020521000000,  -0.04000,
,,,0.020522000000,  -0.04000,
,,,0.020523000000,  -0.04000,
,,,0.020524000000,  -0.04000,
,,,0.020525000000,  -0.04000,
,,,0.020526000000,  -0.04000,
,,,0.020527000000,  -0.04000,
,,,0.020528000000,  -0.04000,
,,,0.020529000000,  -0.04000,
,,,0.020530000000,  -0.04000,
,,,0.020531000000,  -0.04000,
,,,0.020532000000,  -0.04000,
,,,0.020533000000,  -0.04000,
,,,0.020534000000,  -0.04000,
,,,0.020535000000,  -0.04000,
,,,0.020536000000,  -0.04000,
,,,0.020537000000,  -0.04000,
,,,0.020538000000,  -0.04000,
,,,0.020539000000,  -0.04000,
,,,0.020540000000,  -0.04000,
,,,0.020541000000,  -0.04000,
,,,0.020542000000,  -0.04000,
,,,0.020543000000,  -0.04000,
,,,0.020544000000,  -0.04000,
,,,0.020545000000,  -0.04000,
,,,0.020546000000,  -0.04000,
,,,0.020547000000,  -0.04000,
,,,0.020548000000,  -0.04000,
,,,0.020549000000,  -0.04000,
,,,0.020550000000,  -0.04000,
,,,0.020551000000,  -0.04000,
,,,0.020552000000,  -0.04000,
,,,0.020553000000,  -0.04000,
,,,0.020554000000,  -0.04000,
,,,0.020555000000,  -0.04000,
,,,0.020556000000,  -0.04000,
,,,0.020557000000,  -0.04000,
,,,0.020558000000,  -0.04000,
,,,0.020559000000,  -0.04000,
,,,0.020560000000,  -0.04000,
,,,0.020561000000,  -0.04000,
,,,0.020562000000,  -0.04000,
,,,0.020563000000,  -0.04000,
,,,0.020564000000,  -0.04000,
,,,0.020565000000,  -0.04000,
,,,0.020566000000,  -0.04000,
,,,0.020567000000,  -0.04000,
,,,0.020568000000,  -0.04000,
,,,0.020569000000,  -0.04000,
,,,0.020570000000,  -0.04000,
,,,0.020571000000,  -0.04000,
,,,0.020572000000,  -0.04000,
,,,0.020573000000,  -0.04000,
,,,0.020574000000,  -0.04000,
,,,0.020575000000,  -0.04000,
,,,0.020576000000,  -0.04000,
,,,0.020577000000,  -0.04000,
,,,0.020578000000,  -0.04000,
,,,0.020579000000,  -0.04000,
,,,0.020580000000,  -0.04000,
,,,0.020581000000,  -0.04000,
,,,0.020582000000,  -0.04000,
,,,0.020583000000,  -0.04000,
,,,0.020584000000,  -0.04000,
,,,0.020585000000,  -0.04000,
,,,0.020586000000,  -0.04000,
,,,0.020587000000,  -0.04000,
,,,0.020588000000,  -0.04000,
,,,0.020589000000,  -0.04000,
,,,0.020590000000,  -0.04000,
,,,0.020591000000,  -0.04000,
,,,0.020592000000,  -0.04000,
,,,0.020593000000,  -0.04000,
,,,0.020594000000,  -0.04000,
,,,0.020595000000,  -0.04000,
,,,0.020596000000,  -0.04000,
,,,0.020597000000,  -0.04000,
,,,0.020598000000,  -0.04000,
,,,0.020599000000,  -0.04000,
,,,0.020600000000,  -0.04000,
,,,0.020601000000,  -0.04000,
,,,0.020602000000,  -0.04000,
,,,0.020603000000,  -0.04000,
,,,0.020604000000,  -0.04000,
,,,0.020605000000,  -0.04000,
,,,0.020606000000,  -0.04000,
,,,0.020607000000,  -0.04000,
,,,0.020608000000,  -0.04000,
,,,0.020609000000,  -0.04000,
,,,0.020610000000,  -0.04000,
,,,0.020611000000,  -0.04000,
,,,0.020612000000,  -0.04000,
,,,0.020613000000,  -0.04000,
,,,0.020614000000,  -0.04000,
,,,0.020615000000,  -0.04000,
,,,0.020616000000,  -0.04000,
,,,0.020617000000,  -0.04000,
,,,0.020618000000,  -0.04000,
,,,0.020619000000,  -0.04000,
,,,0.020620000000,  -0.04000,
,,,0.020621000000,  -0.04000,
,,,0.020622000000,  -0.04000,
,,,0.020623000000,  -0.04000,
,,,0.020624000000,  -0.04000,
,,,0.020625000000,  -0.04000,
,,,0.020626000000,  -0.04000,
,,,0.020627000000,  -0.04000,
,,,0.020628000000,  -0.04000,
,,,0.020629000000,  -0.04000,
,,,0.020630000000,  -0.04000,
,,,0.020631000000,  -0.04000,
,,,0.020632000000,  -0.04000,
,,,0.020633000000,  -0.04000,
,,,0.020634000000,  -0.04000,
,,,0.020635000000,   0.00000,
,,,0.020636000000,  -0.04000,
,,,0.020637000000,  -0.04000,
,,,0.020638000000,  -0.04000,
,,,0.020639000000,  -0.04000,
,,,0.020640000000,  -0.04000,
,,,0.020641000000,  -0.04000,
,,,0.020642000000,  -0.04000,
,,,0.020643000000,  -0.04000,
,,,0.020644000000,   4.28000,
,,,0.020645000000,   4.64000,
,,,0.020646000000,   4.64000,
,,,0.020647000000,   4.64000,
,,,0.020648000000,   4.64000,
,,,0.020649000000,   4.64000,
,,,0.020650000000,   4.64000,
,,,0.020651000000,   4.68000,
,,,0.020652000000,   4.64000,
,,,0.020653000000,   4.64000,
,,,0.020654000000,   4.64000,
,,,0.020655000000,   4.68000,
,,,0.020656000000,   4.68000,
,,,0.020657000000,   4.68000,
,,,0.020658000000,   4.68000,
,,,0.020659000000,   4.68000,
,,,0.020660000000,   4.68000,
,,,0.020661000000,   4.68000,
,,,0.020662000000,   0.96000,
,,,0.020663000000,   0.00000,
,,,0.020664000000,  -0.04000,
,,,0.020665000000,   0.00000,
,,,0.020666000000,   0.00000,
,,,0.020667000000,   0.00000,
,,,0.020668000000,   0.00000,
,,,0.020669000000,  -0.04000,
,,,0.020670000000,   0.00000,
,,,0.020671000000,   0.00000,
,,,0.020672000000,   0.00000,
,,,0.020673000000,  -0.04000,
,,,0.020674000000,  -0.04000,
,,,0.020675000000,  -0.04000,
,,,0.020676000000,  -0.04000,
,,,0.020677000000,  -0.04000,
,,,0.020678000000,  -0.04000,
,,,0.020679000000,  -0.04000,
,,,0.020680000000,  -0.04000,
,,,0.020681000000,  -0.04000,
,,,0.020682000000,  -0.04000,
,,,0.020683000000,  -0.04000,
,,,0.020684000000,  -0.04000,
,,,0.020685000000,  -0.04000,
,,,0.020686000000,  -0.04000,
,,,0.020687000000,  -0.04000,
,,,0.020688000000,  -0.04000,
,,,0.020689000000,  -0.04000,
,,,0.020690000000,  -0.04000,
,,,0.020691000000,   0.00000,
,,,0.020692000000,  -0.04000,
,,,0.020693000000,  -0.04000,
,,,0.020694000000,  -0.04000,
,,,0.020695000000,  -0.04000,
,,,0.020696000000,  -0.04000,
,,,0.020697000000,  -0.04000,
,,,0.020698000000,  -0.04000,
,,,0.020699000000,  -0.04000,
,,,0.020700000000,  -0.04000,
,,,0.020701000000,  -0.04000,
,,,0.020702000000,  -0.04000,
,,,0.020703000000,  -0.04000,
,,,0.020704000000,  -0.04000,
,,,0.020705000000,  -0.04000,
,,,0.020706000000,  -0.04000,
,,,0.020707000000,  -0.04000,
,,,0.020708000000,  -0.04000,
,,,0.020709000000,  -0.04000,
,,,0.020710000000,  -0.04000,
,,,0.020711000000,  -0.04000,
,,,0.020712000000,  -0.04000,
,,,0.020713000000,  -0.04000,
,,,0.020714000000,  -0.04000,
,,,0.020715000000,  -0.04000,
,,,0.020716000000,  -0.04000,
,,,0.020717000000,  -0.04000,
,,,0.020718000000,  -0.04000,
,,,0.020719000000,  -0.04000,
,,,0.020720000000,  -0.04000,
,,,0.020721000000,  -0.04000,
,,,0.020722000000,  -0.04000,
,,,0.020723000000,  -0.04000,
,,,0.020724000000,  -0.04000,
,,,0.020725000000,  -0.04000,
,,,0.020726000000,  -0.04000,
,,,0.020727000000,  -0.04000,
,,,0.020728000000,  -0.04000,
,,,0.020729000000,  -0.04000,
,,,0.020730000000,  -0.04000,
,,,0.020731000000,  -0.04000,
,,,0.020732000000,  -0.04000,
,,,0.020733000000,  -0.04000,
,,,0.020734000000,  -0.04000,
,,,0.020735000000,  -0.04000,
,,,0.020736000000,   0.00000,
,,,0.020737000000,  -0.04000,
,,,0.020738000000,  -0.04000,
,,,0.020739000000,  -0.04000,
,,,0.020740000000,  -0.04000,
,,,0.020741000000,  -0.04000,
,,,0.020742000000,  -0.04000,
,,,0.020743000000,  -0.04000,
,,,0.020744000000,  -0.04000,
,,,0.020745000000,  -0.04000,
,,,0.020746000000,  -0.04000,
,,,0.020747000000,  -0.04000,
,,,0.020748000000,  -0.04000,
,,,0.020749000000,  -0.04000,
,,,0.020750000000,  -0.04000,
,,,0.020751000000,  -0.04000,
,,,0.020752000000,  -0.04000,
,,,0.020753000000,  -0.04000,
,,,0.020754000000,  -0.04000,
,,,0.020755000000,  -0.04000,
,,,0.020756000000,  -0.04000,
,,,0.020757000000,  -0.04000,
,,,0.020758000000,  -0.04000,
,,,0.020759000000,  -0.04000,
,,,0.020760000000,  -0.04000,
,,,0.020761000000,  -0.04000,
,,,0.020762000000,  -0.04000,
,,,0.020763000000,  -0.04000,
,,,0.020764000000,  -0.04000,
,,,0.020765000000,  -0.04000,
,,,0.020766000000,  -0.04000,
,,,0.020767000000,  -0.04000,
,,,0.020768000000,  -0.04000,
,,,0.020769000000,  -0.04000,
,,,0.020770000000,  -0.04000,
,,,0.020771000000,  -0.04000,
,,,0.020772000000,  -0.04000,
,,,0.020773000000,  -0.04000,
,,,0.020774000000,  -0.04000,
,,,0.020775000000,  -0.04000,
,,,0.020776000000,  -0.04000,
,,,0.020777000000,  -0.04000,
,,,0.020778000000,  -0.04000,
,,,0.020779000000,  -0.04000,
,,,0.020780000000,  -0.04000,
,,,0.020781000000,  -0.04000,
,,,0.020782000000,  -0.04000,
,,,0.020783000000,  -0.04000,
,,,0.020784000000,  -0.04000,
,,,0.020785000000,  -0.04000,
,,,0.020786000000,  -0.04000,
,,,0.020787000000,  -0.04000,
,,,0.020788000000,  -0.04000,
,,,0.020789000000,  -0.04000,
,,,0.020790000000,  -0.04000,
,,,0.020791000000,  -0.04000,
,,,0.020792000000,  -0.04000,
,,,0.020793000000,  -0.04000,
,,,0.020794000000,  -0.04000,
,,,0.020795000000,  -0.04000,
,,,0.020796000000,  -0.04000,
,,,0.020797000000,  -0.04000,
,,,0.020798000000,  -0.04000,
,,,0.020799000000,  -0.04000,
,,,0.020800000000,  -0.04000,
,,,0.020801000000,  -0.04000,
,,,0.020802000000,  -0.04000,
,,,0.020803000000,  -0.04000,
,,,0.020804000000,  -0.04000,
,,,0.020805000000,  -0.04000,
,,,0.020806000000,  -0.04000,
,,,0.020807000000,  -0.04000,
,,,0.020808000000,  -0.04000,
,,,0.020809000000,  -0.04000,
,,,0.020810000000,  -0.04000,
,,,0.020811000000,  -0.04000,
,,,0.020812000000,  -0.04000,
,,,0.020813000000,  -0.04000,
,,,0.020814000000,  -0.04000,
,,,0.020815000000,  -0.04000,
,,,0.020816000000,  -0.04000,
,,,0.020817000000,  -0.04000,
,,,0.020818000000,  -0.04000,
,,,0.020819000000,  -0.04000,
,,,0.020820000000,  -0.04000,
,,,0.020821000000,  -0.04000,
,,,0.020822000000,  -0.04000,
,,,0.020823000000,  -0.04000,
,,,0.020824000000,  -0.04000,
,,,0.020825000000,  -0.04000,
,,,0.020826000000,  -0.04000,
,,,0.020827000000,  -0.04000,
,,,0.020828000000,  -0.04000,
,,,0.020829000000,  -0.04000,
,,,0.020830000000,  -0.04000,
,,,0.020831000000,  -0.04000,
,,,0.020832000000,  -0.04000,
,,,0.020833000000,  -0.04000,
,,,0.020834000000,  -0.04000,
,,,0.020835000000,  -0.04000,
,,,0.020836000000,  -0.04000,
,,,0.020837000000,  -0.04000,
,,,0.020838000000,   0.00000,
,,,0.020839000000,  -0.04000,
,,,0.020840000000,  -0.04000,
,,,0.020841000000,  -0.04000,
,,,0.020842000000,  -0.04000,
,,,0.020843000000,  -0.04000,
,,,0.020844000000,   4.24000,
,,,0.020845000000,   4.64000,
,,,0.020846000000,   4.64000,
,,,0.020847000000,   4.64000,
,,,0.020848000000,   4.64000,
,,,0.020849000000,   4.64000,
,,,0.020850000000,   4.64000,
,,,0.020851000000,   4.64000,
,,,0.020852000000,   4.64000,
,,,0.020853000000,   4.64000,
,,,0.020854000000,   4.64000,
,,,0.020855000000,   4.68000,
,,,0.020856000000,   4.68000,
,,,0.020857000000,   4.68000,
,,,0.020858000000,   4.68000,
,,,0.020859000000,   4.68000,
,,,0.020860000000,   4.72000,
,,,0.020861000000,   4.68000,
,,,0.020862000000,   0.12000,
,,,0.020863000000,   0.00000,
,,,0.020864000000,   0.00000,
,,,0.020865000000,   0.00000,
,,,0.020866000000,   0.00000,
,,,0.020867000000,  -0.04000,
,,,0.020868000000,   0.00000,
,,,0.020869000000,  -0.04000,
,,,0.020870000000,   0.00000,
,,,0.020871000000,  -0.04000,
,,,0.020872000000,  -0.04000,
,,,0.020873000000,   0.00000,
,,,0.020874000000,  -0.04000,
,,,0.020875000000,  -0.04000,
,,,0.020876000000,  -0.04000,
,,,0.020877000000,  -0.04000,
,,,0.020878000000,  -0.04000,
,,,0.020879000000,  -0.04000,
,,,0.020880000000,  -0.04000,
,,,0.020881000000,  -0.04000,
,,,0.020882000000,  -0.04000,
,,,0.020883000000,  -0.04000,
,,,0.020884000000,  -0.04000,
,,,0.020885000000,  -0.04000,
,,,0.020886000000,  -0.04000,
,,,0.020887000000,  -0.04000,
,,,0.020888000000,  -0.04000,
,,,0.020889000000,  -0.04000,
,,,0.020890000000,  -0.04000,
,,,0.020891000000,  -0.04000,
,,,0.020892000000,  -0.04000,
,,,0.020893000000,   0.00000,
,,,0.020894000000,  -0.04000,
,,,0.020895000000,   0.00000,
,,,0.020896000000,  -0.04000,
,,,0.020897000000,  -0.04000,
,,,0.020898000000,  -0.04000,
,,,0.020899000000,  -0.04000,
,,,0.020900000000,  -0.04000,
,,,0.020901000000,  -0.04000,
,,,0.020902000000,  -0.04000,
,,,0.020903000000,  -0.04000,
,,,0.020904000000,  -0.04000,
,,,0.020905000000,  -0.04000,
,,,0.020906000000,  -0.04000,
,,,0.020907000000,  -0.04000,
,,,0.020908000000,  -0.04000,
,,,0.020909000000,  -0.04000,
,,,0.020910000000,  -0.04000,
,,,0.020911000000,  -0.04000,
,,,0.020912000000,  -0.04000,
,,,0.020913000000,  -0.04000,
,,,0.020914000000,  -0.04000,
,,,0.020915000000,  -0.04000,
,,,0.020916000000,  -0.04000,
,,,0.020917000000,  -0.04000,
,,,0.020918000000,  -0.04000,
,,,0.020919000000,  -0.04000,
,,,0.020920000000,  -0.04000,
,,,0.020921000000,  -0.04000,
,,,0.020922000000,  -0.04000,
,,,0.020923000000,  -0.04000,
,,,0.020924000000,  -0.04000,
,,,0.020925000000,  -0.04000,
,,,0.020926000000,  -0.04000,
,,,0.020927000000,  -0.04000,
,,,0.020928000000,  -0.04000,
,,,0.020929000000,  -0.04000,
,,,0.020930000000,  -0.04000,
,,,0.020931000000,  -0.04000,
,,,0.020932000000,  -0.04000,
,,,0.020933000000,  -0.04000,
,,,0.020934000000,  -0.04000,
,,,0.020935000000,  -0.04000,
,,,0.020936000000,  -0.04000,
,,,0.020937000000,  -0.04000,
,,,0.020938000000,  -0.04000,
,,,0.020939000000,  -0.04000,
,,,0.020940000000,  -0.04000,
,,,0.020941000000,  -0.04000,
,,,0.020942000000,   0.00000,
,,,0.020943000000,  -0.04000,
,,,0.020944000000,  -0.04000,
,,,0.020945000000,  -0.04000,
,,,0.020946000000,  -0.04000,
,,,0.020947000000,  -0.04000,
,,,0.020948000000,  -0.04000,
,,,0.020949000000,  -0.04000,
,,,0.020950000000,  -0.04000,
,,,0.020951000000,  -0.04000,
,,,0.020952000000,  -0.04000,
,,,0.020953000000,  -0.04000,
,,,0.020954000000,  -0.04000,
,,,0.020955000000,  -0.04000,
,,,0.020956000000,  -0.04000,
,,,0.020957000000,  -0.04000,
,,,0.020958000000,  -0.04000,
,,,0.020959000000,  -0.04000,
,,,0.020960000000,  -0.04000,
,,,0.020961000000,  -0.04000,
,,,0.020962000000,  -0.04000,
,,,0.020963000000,  -0.04000,
,,,0.020964000000,  -0.04000,
,,,0.020965000000,  -0.04000,
,,,0.020966000000,  -0.04000,
,,,0.020967000000,  -0.04000,
,,,0.020968000000,  -0.04000,
,,,0.020969000000,  -0.04000,
,,,0.020970000000,  -0.04000,
,,,0.020971000000,  -0.04000,
,,,0.020972000000,  -0.04000,
,,,0.020973000000,  -0.04000,
,,,0.020974000000,  -0.04000,
,,,0.020975000000,  -0.04000,
,,,0.020976000000,  -0.04000,
,,,0.020977000000,  -0.04000,
,,,0.020978000000,  -0.04000,
,,,0.020979000000,   0.00000,
,,,0.020980000000,  -0.04000,
,,,0.020981000000,  -0.04000,
,,,0.020982000000,  -0.04000,
,,,0.020983000000,  -0.04000,
,,,0.020984000000,  -0.04000,
,,,0.020985000000,  -0.04000,
,,,0.020986000000,  -0.04000,
,,,0.020987000000,  -0.04000,
,,,0.020988000000,  -0.04000,
,,,0.020989000000,  -0.04000,
,,,0.020990000000,  -0.04000,
,,,0.020991000000,  -0.04000,
,,,0.020992000000,  -0.04000,
,,,0.020993000000,  -0.04000,
,,,0.020994000000,  -0.04000,
,,,0.020995000000,  -0.04000,
,,,0.020996000000,  -0.04000,
,,,0.020997000000,  -0.04000,
,,,0.020998000000,  -0.04000,
,,,0.020999000000,  -0.04000,
,,,0.021000000000,  -0.04000,
,,,0.021001000000,  -0.04000,
,,,0.021002000000,  -0.04000,
,,,0.021003000000,  -0.04000,
,,,0.021004000000,  -0.04000,
,,,0.021005000000,  -0.04000,
,,,0.021006000000,  -0.04000,
,,,0.021007000000,  -0.04000,
,,,0.021008000000,  -0.04000,
,,,0.021009000000,  -0.04000,
,,,0.021010000000,  -0.04000,
,,,0.021011000000,  -0.04000,
,,,0.021012000000,  -0.04000,
,,,0.021013000000,  -0.04000,
,,,0.021014000000,  -0.04000,
,,,0.021015000000,  -0.04000,
,,,0.021016000000,  -0.04000,
,,,0.021017000000,  -0.04000,
,,,0.021018000000,  -0.04000,
,,,0.021019000000,  -0.04000,
,,,0.021020000000,  -0.04000,
,,,0.021021000000,  -0.04000,
,,,0.021022000000,  -0.04000,
,,,0.021023000000,  -0.04000,
,,,0.021024000000,  -0.04000,
,,,0.021025000000,  -0.04000,
,,,0.021026000000,  -0.04000,
,,,0.021027000000,  -0.04000,
,,,0.021028000000,  -0.04000,
,,,0.021029000000,  -0.04000,
,,,0.021030000000,  -0.04000,
,,,0.021031000000,  -0.04000,
,,,0.021032000000,  -0.04000,
,,,0.021033000000,  -0.04000,
,,,0.021034000000,  -0.04000,
,,,0.021035000000,  -0.04000,
,,,0.021036000000,  -0.04000,
,,,0.021037000000,  -0.04000,
,,,0.021038000000,  -0.04000,
,,,0.021039000000,  -0.04000,
,,,0.021040000000,  -0.04000,
,,,0.021041000000,  -0.04000,
,,,0.021042000000,  -0.04000,
,,,0.021043000000,  -0.04000,
,,,0.021044000000,   4.36000,
,,,0.021045000000,   4.64000,
,,,0.021046000000,   4.64000,
,,,0.021047000000,   4.68000,
,,,0.021048000000,   4.64000,
,,,0.021049000000,   4.64000,
,,,0.021050000000,   4.68000,
,,,0.021051000000,   4.68000,
,,,0.021052000000,   4.68000,
,,,0.021053000000,   4.64000,
,,,0.021054000000,   4.68000,
,,,0.021055000000,   4.68000,
,,,0.021056000000,   4.68000,
,,,0.021057000000,   4.68000,
,,,0.021058000000,   4.68000,
,,,0.021059000000,   4.68000,
,,,0.021060000000,   4.68000,
,,,0.021061000000,   4.64000,
,,,0.021062000000,   0.00000,
,,,0.021063000000,   0.00000,
,,,0.021064000000,   0.04000,
,,,0.021065000000,   0.00000,
,,,0.021066000000,   0.00000,
,,,0.021067000000,   0.00000,
,,,0.021068000000,   0.00000,
,,,0.021069000000,  -0.04000,
,,,0.021070000000,  -0.04000,
,,,0.021071000000,  -0.04000,
,,,0.021072000000,  -0.04000,
,,,0.021073000000,  -0.04000,
,,,0.021074000000,  -0.04000,
,,,0.021075000000,  -0.04000,
,,,0.021076000000,  -0.04000,
,,,0.021077000000,  -0.04000,
,,,0.021078000000,  -0.04000,
,,,0.021079000000,  -0.04000,
,,,0.021080000000,  -0.04000,
,,,0.021081000000,  -0.04000,
,,,0.021082000000,  -0.04000,
,,,0.021083000000,  -0.04000,
,,,0.021084000000,  -0.04000,
,,,0.021085000000,  -0.04000,
,,,0.021086000000,  -0.04000,
,,,0.021087000000,  -0.04000,
,,,0.021088000000,  -0.04000,
,,,0.021089000000,  -0.04000,
,,,0.021090000000,  -0.04000,
,,,0.021091000000,  -0.04000,
,,,0.021092000000,   0.00000,
,,,0.021093000000,  -0.04000,
,,,0.021094000000,  -0.04000,
,,,0.021095000000,  -0.04000,
,,,0.021096000000,  -0.04000,
,,,0.021097000000,  -0.04000,
,,,0.021098000000,  -0.04000,
,,,0.021099000000,  -0.04000,
,,,0.021100000000,  -0.04000,
,,,0.021101000000,  -0.04000,
,,,0.021102000000,  -0.04000,
,,,0.021103000000,  -0.04000,
,,,0.021104000000,  -0.04000,
,,,0.021105000000,  -0.04000,
,,,0.021106000000,  -0.04000,
,,,0.021107000000,  -0.04000,
,,,0.021108000000,  -0.04000,
,,,0.021109000000,  -0.04000,
,,,0.021110000000,  -0.04000,
,,,0.021111000000,  -0.04000,
,,,0.021112000000,  -0.04000,
,,,0.021113000000,  -0.04000,
,,,0.021114000000,  -0.04000,
,,,0.021115000000,  -0.04000,
,,,0.021116000000,  -0.04000,
,,,0.021117000000,  -0.04000,
,,,0.021118000000,  -0.04000,
,,,0.021119000000,  -0.04000,
,,,0.021120000000,  -0.04000,
,,,0.021121000000,  -0.04000,
,,,0.021122000000,  -0.04000,
,,,0.021123000000,  -0.04000,
,,,0.021124000000,  -0.04000,
,,,0.021125000000,  -0.04000,
,,,0.021126000000,  -0.04000,
,,,0.021127000000,  -0.04000,
,,,0.021128000000,  -0.04000,
,,,0.021129000000,  -0.04000,
,,,0.021130000000,  -0.04000,
,,,0.021131000000,  -0.04000,
,,,0.021132000000,  -0.04000,
,,,0.021133000000,  -0.04000,
,,,0.021134000000,  -0.04000,
,,,0.021135000000,  -0.04000,
,,,0.021136000000,  -0.04000,
,,,0.021137000000,  -0.04000,
,,,0.021138000000,  -0.04000,
,,,0.021139000000,  -0.04000,
,,,0.021140000000,  -0.04000,
,,,0.021141000000,  -0.04000,
,,,0.021142000000,  -0.04000,
,,,0.021143000000,   0.00000,
,,,0.021144000000,  -0.04000,
,,,0.021145000000,  -0.04000,
,,,0.021146000000,  -0.04000,
,,,0.021147000000,  -0.04000,
,,,0.021148000000,  -0.04000,
,,,0.021149000000,  -0.04000,
,,,0.021150000000,  -0.04000,
,,,0.021151000000,  -0.04000,
,,,0.021152000000,  -0.04000,
,,,0.021153000000,  -0.04000,
,,,0.021154000000,  -0.04000,
,,,0.021155000000,  -0.04000,
,,,0.021156000000,  -0.04000,
,,,0.021157000000,  -0.04000,
,,,0.021158000000,  -0.04000,
,,,0.021159000000,  -0.04000,
,,,0.021160000000,  -0.04000,
,,,0.021161000000,  -0.04000,
,,,0.021162000000,  -0.04000,
,,,0.021163000000,  -0.04000,
,,,0.021164000000,  -0.04000,
,,,0.021165000000,  -0.04000,
,,,0.021166000000,  -0.04000,
,,,0.021167000000,  -0.04000,
,,,0.021168000000,  -0.04000,
,,,0.021169000000,  -0.04000,
,,,0.021170000000,  -0.04000,
,,,0.021171000000,  -0.04000,
,,,0.021172000000,  -0.04000,
,,,0.021173000000,  -0.04000,
,,,0.021174000000,  -0.04000,
,,,0.021175000000,  -0.04000,
,,,0.021176000000,  -0.04000,
,,,0.021177000000,  -0.04000,
,,,0.021178000000,  -0.04000,
,,,0.021179000000,  -0.04000,
,,,0.021180000000,  -0.04000,
,,,0.021181000000,  -0.04000,
,,,0.021182000000,  -0.04000,
,,,0.021183000000,  -0.04000,
,,,0.021184000000,  -0.04000,
,,,0.021185000000,  -0.04000,
,,,0.021186000000,  -0.04000,
,,,0.021187000000,  -0.04000,
,,,0.021188000000,  -0.04000,
,,,0.021189000000,  -0.04000,
,,,0.021190000000,  -0.04000,
,,,0.021191000000,  -0.04000,
,,,0.021192000000,  -0.04000,
,,,0.021193000000,  -0.04000,
,,,0.021194000000,  -0.04000,
,,,0.021195000000,  -0.04000,
,,,0.021196000000,  -0.04000,
,,,0.021197000000,  -0.04000,
,,,0.021198000000,  -0.04000,
,,,0.021199000000,  -0.04000,
,,,0.021200000000,  -0.04000,
,,,0.021201000000,  -0.04000,
,,,0.021202000000,  -0.04000,
,,,0.021203000000,  -0.04000,
,,,0.021204000000,  -0.04000,
,,,0.021205000000,  -0.04000,
,,,0.021206000000,  -0.04000,
,,,0.021207000000,  -0.04000,
,,,0.021208000000,  -0.04000,
,,,0.021209000000,  -0.04000,
,,,0.021210000000,  -0.04000,
,,,0.021211000000,  -0.04000,
,,,0.021212000000,  -0.04000,
,,,0.021213000000,  -0.04000,
,,,0.021214000000,  -0.04000,
,,,0.021215000000,  -0.04000,
,,,0.021216000000,  -0.04000,
,,,0.021217000000,  -0.04000,
,,,0.021218000000,  -0.04000,
,,,0.021219000000,  -0.04000,
,,,0.021220000000,  -0.04000,
,,,0.021221000000,  -0.04000,
,,,0.021222000000,  -0.04000,
,,,0.021223000000,  -0.04000,
,,,0.021224000000,  -0.04000,
,,,0.021225000000,  -0.04000,
,,,0.021226000000,  -0.04000,
,,,0.021227000000,  -0.04000,
,,,0.021228000000,  -0.04000,
,,,0.021229000000,  -0.04000,
,,,0.021230000000,  -0.04000,
,,,0.021231000000,  -0.04000,
,,,0.021232000000,  -0.04000,
,,,0.021233000000,  -0.04000,
,,,0.021234000000,  -0.04000,
,,,0.021235000000,  -0.04000,
,,,0.021236000000,  -0.04000,
,,,0.021237000000,  -0.04000,
,,,0.021238000000,  -0.04000,
,,,0.021239000000,  -0.04000,
,,,0.021240000000,  -0.04000,
,,,0.021241000000,  -0.04000,
,,,0.021242000000,  -0.04000,
,,,0.021243000000,  -0.04000,
,,,0.021244000000,   4.08000,
,,,0.021245000000,   4.64000,
,,,0.021246000000,   4.64000,
,,,0.021247000000,   4.64000,
,,,0.021248000000,   4.64000,
,,,0.021249000000,   4.68000,
,,,0.021250000000,   4.64000,
,,,0.021251000000,   4.64000,
,,,0.021252000000,   4.68000,
,,,0.021253000000,   4.68000,
,,,0.021254000000,   4.68000,
,,,0.021255000000,   4.68000,
,,,0.021256000000,   4.68000,
,,,0.021257000000,   4.68000,
,,,0.021258000000,   4.68000,
,,,0.021259000000,   4.68000,
,,,0.021260000000,   4.68000,
,,,0.021261000000,   4.68000,
,,,0.021262000000,   0.24000,
,,,0.021263000000,   0.00000,
,,,0.021264000000,   0.00000,
,,,0.021265000000,   0.00000,
,,,0.021266000000,   0.00000,
,,,0.021267000000,   0.00000,
,,,0.021268000000,   0.00000,
,,,0.021269000000,  -0.04000,
,,,0.021270000000,  -0.04000,
,,,0.021271000000,   0.00000,
,,,0.021272000000,  -0.04000,
,,,0.021273000000,  -0.04000,
,,,0.021274000000,  -0.04000,
,,,0.021275000000,  -0.04000,
,,,0.021276000000,  -0.04000,
,,,0.021277000000,  -0.04000,
,,,0.021278000000,   0.00000,
,,,0.021279000000,  -0.04000,
,,,0.021280000000,  -0.04000,
,,,0.021281000000,  -0.04000,
,,,0.021282000000,  -0.04000,
,,,0.021283000000,  -0.04000,
,,,0.021284000000,  -0.04000,
,,,0.021285000000,  -0.04000,
,,,0.021286000000,  -0.04000,
,,,0.021287000000,  -0.04000,
,,,0.021288000000,  -0.04000,
,,,0.021289000000,  -0.04000,
,,,0.021290000000,  -0.04000,
,,,0.021291000000,  -0.04000,
,,,0.021292000000,  -0.04000,
,,,0.021293000000,  -0.04000,
,,,0.021294000000,  -0.04000,
,,,0.021295000000,  -0.04000,
,,,0.021296000000,  -0.04000,
,,,0.021297000000,  -0.04000,
,,,0.021298000000,  -0.04000,
,,,0.021299000000,  -0.08000,
,,,0.021300000000,  -0.04000,
,,,0.021301000000,  -0.04000,
,,,0.021302000000,  -0.04000,
,,,0.021303000000,  -0.04000,
,,,0.021304000000,  -0.04000,
,,,0.021305000000,  -0.04000,
,,,0.021306000000,  -0.04000,
,,,0.021307000000,  -0.04000,
,,,0.021308000000,  -0.04000,
,,,0.021309000000,  -0.04000,
,,,0.021310000000,  -0.04000,
,,,0.021311000000,  -0.04000,
,,,0.021312000000,  -0.04000,
,,,0.021313000000,  -0.04000,
,,,0.021314000000,  -0.04000,
,,,0.021315000000,  -0.04000,
,,,0.021316000000,  -0.04000,
,,,0.021317000000,  -0.04000,
,,,0.021318000000,  -0.04000,
,,,0.021319000000,  -0.04000,
,,,0.021320000000,  -0.04000,
,,,0.021321000000,  -0.04000,
,,,0.021322000000,  -0.04000,
,,,0.021323000000,  -0.04000,
,,,0.021324000000,  -0.04000,
,,,0.021325000000,  -0.04000,
,,,0.021326000000,  -0.04000,
,,,0.021327000000,  -0.04000,
,,,0.021328000000,  -0.04000,
,,,0.021329000000,  -0.04000,
,,,0.021330000000,  -0.04000,
,,,0.021331000000,  -0.04000,
,,,0.021332000000,   0.00000,
,,,0.021333000000,  -0.04000,
,,,0.021334000000,  -0.04000,
,,,0.021335000000,  -0.04000,
,,,0.021336000000,  -0.04000,
,,,0.021337000000,  -0.04000,
,,,0.021338000000,  -0.04000,
,,,0.021339000000,  -0.04000,
,,,0.021340000000,  -0.04000,
,,,0.021341000000,  -0.04000,
,,,0.021342000000,  -0.04000,
,,,0.021343000000,   0.00000,
,,,0.021344000000,  -0.04000,
,,,0.021345000000,  -0.04000,
,,,0.021346000000,  -0.04000,
,,,0.021347000000,  -0.04000,
,,,0.021348000000,  -0.04000,
,,,0.021349000000,  -0.04000,
,,,0.021350000000,  -0.04000,
,,,0.021351000000,  -0.04000,
,,,0.021352000000,  -0.04000,
,,,0.021353000000,  -0.04000,
,,,0.021354000000,  -0.04000,
,,,0.021355000000,  -0.04000,
,,,0.021356000000,  -0.04000,
,,,0.021357000000,  -0.04000,
,,,0.021358000000,  -0.04000,
,,,0.021359000000,  -0.04000,
,,,0.021360000000,  -0.04000,
,,,0.021361000000,  -0.04000,
,,,0.021362000000,  -0.04000,
,,,0.021363000000,  -0.04000,
,,,0.021364000000,  -0.04000,
,,,0.021365000000,  -0.04000,
,,,0.021366000000,  -0.04000,
,,,0.021367000000,   0.00000,
,,,0.021368000000,  -0.04000,
,,,0.021369000000,  -0.04000,
,,,0.021370000000,  -0.04000,
,,,0.021371000000,  -0.04000,
,,,0.021372000000,  -0.04000,
,,,0.021373000000,  -0.04000,
,,,0.021374000000,   0.00000,
,,,0.021375000000,  -0.04000,
,,,0.021376000000,  -0.04000,
,,,0.021377000000,  -0.04000,
,,,0.021378000000,  -0.04000,
,,,0.021379000000,  -0.04000,
,,,0.021380000000,  -0.04000,
,,,0.021381000000,  -0.04000,
,,,0.021382000000,  -0.04000,
,,,0.021383000000,  -0.04000,
,,,0.021384000000,  -0.04000,
,,,0.021385000000,  -0.04000,
,,,0.021386000000,  -0.04000,
,,,0.021387000000,  -0.04000,
,,,0.021388000000,  -0.04000,
,,,0.021389000000,  -0.04000,
,,,0.021390000000,  -0.04000,
,,,0.021391000000,  -0.04000,
,,,0.021392000000,  -0.04000,
,,,0.021393000000,  -0.04000,
,,,0.021394000000,  -0.04000,
,,,0.021395000000,  -0.04000,
,,,0.021396000000,  -0.04000,
,,,0.021397000000,  -0.04000,
,,,0.021398000000,  -0.04000,
,,,0.021399000000,  -0.04000,
,,,0.021400000000,  -0.04000,
,,,0.021401000000,  -0.04000,
,,,0.021402000000,  -0.04000,
,,,0.021403000000,  -0.04000,
,,,0.021404000000,  -0.04000,
,,,0.021405000000,  -0.04000,
,,,0.021406000000,  -0.04000,
,,,0.021407000000,  -0.04000,
,,,0.021408000000,  -0.04000,
,,,0.021409000000,  -0.04000,
,,,0.021410000000,  -0.08000,
,,,0.021411000000,  -0.04000,
,,,0.021412000000,  -0.04000,
,,,0.021413000000,  -0.04000,
,,,0.021414000000,  -0.04000,
,,,0.021415000000,  -0.04000,
,,,0.021416000000,  -0.04000,
,,,0.021417000000,  -0.04000,
,,,0.021418000000,  -0.04000,
,,,0.021419000000,   0.00000,
,,,0.021420000000,  -0.04000,
,,,0.021421000000,  -0.04000,
,,,0.021422000000,  -0.04000,
,,,0.021423000000,  -0.04000,
,,,0.021424000000,   0.00000,
,,,0.021425000000,  -0.04000,
,,,0.021426000000,  -0.04000,
,,,0.021427000000,  -0.04000,
,,,0.021428000000,  -0.04000,
,,,0.021429000000,  -0.04000,
,,,0.021430000000,  -0.04000,
,,,0.021431000000,  -0.04000,
,,,0.021432000000,  -0.04000,
,,,0.021433000000,  -0.04000,
,,,0.021434000000,  -0.04000,
,,,0.021435000000,  -0.04000,
,,,0.021436000000,  -0.04000,
,,,0.021437000000,  -0.04000,
,,,0.021438000000,  -0.04000,
,,,0.021439000000,  -0.04000,
,,,0.021440000000,  -0.04000,
,,,0.021441000000,  -0.04000,
,,,0.021442000000,  -0.04000,
,,,0.021443000000,  -0.04000,
,,,0.021444000000,   4.32000,
,,,0.021445000000,   4.64000,
,,,0.021446000000,   4.64000,
,,,0.021447000000,   4.64000,
,,,0.021448000000,   4.64000,
,,,0.021449000000,   4.64000,
,,,0.021450000000,   4.68000,
,,,0.021451000000,   4.68000,
,,,0.021452000000,   4.64000,
,,,0.021453000000,   4.68000,
,,,0.021454000000,   4.68000,
,,,0.021455000000,   4.68000,
,,,0.021456000000,   4.68000,
,,,0.021457000000,   4.68000,
,,,0.021458000000,   4.68000,
,,,0.021459000000,   4.68000,
,,,0.021460000000,   4.68000,
,,,0.021461000000,   4.68000,
,,,0.021462000000,   0.04000,
,,,0.021463000000,   0.00000,
,,,0.021464000000,   0.00000,
,,,0.021465000000,   0.00000,
,,,0.021466000000,   0.00000,
,,,0.021467000000,  -0.04000,
,,,0.021468000000,   0.00000,
,,,0.021469000000,   0.00000,
,,,0.021470000000,   0.00000,
,,,0.021471000000,  -0.04000,
,,,0.021472000000,  -0.04000,
,,,0.021473000000,   0.00000,
,,,0.021474000000,  -0.04000,
,,,0.021475000000,  -0.04000,
,,,0.021476000000,  -0.04000,
,,,0.021477000000,  -0.04000,
,,,0.021478000000,  -0.04000,
,,,0.021479000000,  -0.04000,
,,,0.021480000000,  -0.04000,
,,,0.021481000000,  -0.04000,
,,,0.021482000000,  -0.04000,
,,,0.021483000000,  -0.04000,
,,,0.021484000000,  -0.04000,
,,,0.021485000000,  -0.04000,
,,,0.021486000000,  -0.04000,
,,,0.021487000000,  -0.04000,
,,,0.021488000000,  -0.04000,
,,,0.021489000000,  -0.04000,
,,,0.021490000000,  -0.04000,
,,,0.021491000000,  -0.04000,
,,,0.021492000000,  -0.04000,
,,,0.021493000000,  -0.04000,
,,,0.021494000000,  -0.04000,
,,,0.021495000000,  -0.04000,
,,,0.021496000000,  -0.04000,
,,,0.021497000000,  -0.04000,
,,,0.021498000000,  -0.04000,
,,,0.021499000000,  -0.04000,
,,,0.021500000000,  -0.04000,
,,,0.021501000000,  -0.04000,
,,,0.021502000000,  -0.04000,
,,,0.021503000000,  -0.04000,
,,,0.021504000000,  -0.04000,
,,,0.021505000000,  -0.04000,
,,,0.021506000000,  -0.04000,
,,,0.021507000000,  -0.04000,
,,,0.021508000000,  -0.04000,
,,,0.021509000000,  -0.04000,
,,,0.021510000000,  -0.04000,
,,,0.021511000000,  -0.04000,
,,,0.021512000000,  -0.04000,
,,,0.021513000000,  -0.04000,
,,,0.021514000000,  -0.04000,
,,,0.021515000000,   0.00000,
,,,0.021516000000,  -0.04000,
,,,0.021517000000,  -0.04000,
,,,0.021518000000,  -0.04000,
,,,0.021519000000,  -0.04000,
,,,0.021520000000,  -0.04000,
,,,0.021521000000,  -0.04000,
,,,0.021522000000,  -0.04000,
,,,0.021523000000,  -0.04000,
,,,0.021524000000,  -0.04000,
,,,0.021525000000,  -0.04000,
,,,0.021526000000,  -0.04000,
,,,0.021527000000,  -0.04000,
,,,0.021528000000,  -0.04000,
,,,0.021529000000,  -0.04000,
,,,0.021530000000,  -0.04000,
,,,0.021531000000,  -0.04000,
,,,0.021532000000,  -0.04000,
,,,0.021533000000,  -0.04000,
,,,0.021534000000,  -0.04000,
,,,0.021535000000,  -0.04000,
,,,0.021536000000,  -0.04000,
,,,0.021537000000,  -0.04000,
,,,0.021538000000,  -0.04000,
,,,0.021539000000,  -0.04000,
,,,0.021540000000,  -0.04000,
,,,0.021541000000,  -0.04000,
,,,0.021542000000,  -0.04000,
,,,0.021543000000,  -0.04000,
,,,0.021544000000,  -0.04000,
,,,0.021545000000,  -0.04000,
,,,0.021546000000,  -0.04000,
,,,0.021547000000,  -0.04000,
,,,0.021548000000,  -0.04000,
,,,0.021549000000,  -0.04000,
,,,0.021550000000,  -0.04000,
,,,0.021551000000,  -0.04000,
,,,0.021552000000,  -0.04000,
,,,0.021553000000,  -0.04000,
,,,0.021554000000,  -0.04000,
,,,0.021555000000,  -0.04000,
,,,0.021556000000,  -0.04000,
,,,0.021557000000,  -0.04000,
,,,0.021558000000,  -0.04000,
,,,0.021559000000,  -0.04000,
,,,0.021560000000,  -0.04000,
,,,0.021561000000,  -0.04000,
,,,0.021562000000,  -0.04000,
,,,0.021563000000,  -0.04000,
,,,0.021564000000,  -0.04000,
,,,0.021565000000,  -0.04000,
,,,0.021566000000,  -0.04000,
,,,0.021567000000,  -0.04000,
,,,0.021568000000,   0.00000,
,,,0.021569000000,  -0.04000,
,,,0.021570000000,  -0.04000,
,,,0.021571000000,  -0.04000,
,,,0.021572000000,  -0.04000,
,,,0.021573000000,  -0.04000,
,,,0.021574000000,  -0.04000,
,,,0.021575000000,  -0.04000,
,,,0.021576000000,  -0.04000,
,,,0.021577000000,  -0.04000,
,,,0.021578000000,  -0.04000,
,,,0.021579000000,  -0.04000,
,,,0.021580000000,  -0.04000,
,,,0.021581000000,  -0.04000,
,,,0.021582000000,  -0.04000,
,,,0.021583000000,  -0.04000,
,,,0.021584000000,  -0.04000,
,,,0.021585000000,  -0.04000,
,,,0.021586000000,  -0.04000,
,,,0.021587000000,  -0.04000,
,,,0.021588000000,  -0.04000,
,,,0.021589000000,  -0.04000,
,,,0.021590000000,  -0.04000,
,,,0.021591000000,  -0.04000,
,,,0.021592000000,  -0.04000,
,,,0.021593000000,  -0.04000,
,,,0.021594000000,  -0.04000,
,,,0.021595000000,  -0.04000,
,,,0.021596000000,  -0.04000,
,,,0.021597000000,  -0.04000,
,,,0.021598000000,  -0.04000,
,,,0.021599000000,  -0.04000,
,,,0.021600000000,  -0.04000,
,,,0.021601000000,  -0.04000,
,,,0.021602000000,  -0.04000,
,,,0.021603000000,  -0.04000,
,,,0.021604000000,   0.00000,
,,,0.021605000000,  -0.04000,
,,,0.021606000000,  -0.04000,
,,,0.021607000000,  -0.04000,
,,,0.021608000000,  -0.04000,
,,,0.021609000000,  -0.04000,
,,,0.021610000000,  -0.04000,
,,,0.021611000000,  -0.04000,
,,,0.021612000000,  -0.04000,
,,,0.021613000000,  -0.04000,
,,,0.021614000000,  -0.04000,
,,,0.021615000000,  -0.04000,
,,,0.021616000000,  -0.04000,
,,,0.021617000000,  -0.04000,
,,,0.021618000000,  -0.04000,
,,,0.021619000000,  -0.04000,
,,,0.021620000000,  -0.04000,
,,,0.021621000000,  -0.04000,
,,,0.021622000000,  -0.04000,
,,,0.021623000000,  -0.04000,
,,,0.021624000000,  -0.04000,
,,,0.021625000000,  -0.04000,
,,,0.021626000000,  -0.04000,
,,,0.021627000000,  -0.04000,
,,,0.021628000000,  -0.04000,
,,,0.021629000000,  -0.04000,
,,,0.021630000000,  -0.04000,
,,,0.021631000000,  -0.04000,
,,,0.021632000000,  -0.04000,
,,,0.021633000000,  -0.04000,
,,,0.021634000000,  -0.04000,
,,,0.021635000000,  -0.04000,
,,,0.021636000000,  -0.04000,
,,,0.021637000000,  -0.04000,
,,,0.021638000000,  -0.04000,
,,,0.021639000000,  -0.04000,
,,,0.021640000000,  -0.04000,
,,,0.021641000000,  -0.04000,
,,,0.021642000000,  -0.04000,
,,,0.021643000000,  -0.04000,
,,,0.021644000000,  -0.04000,
,,,0.021645000000,  -0.04000,
,,,0.021646000000,  -0.04000,
,,,0.021647000000,  -0.04000,
,,,0.021648000000,  -0.04000,
,,,0.021649000000,  -0.04000,
,,,0.021650000000,   0.00000,
,,,0.021651000000,  -0.04000,
,,,0.021652000000,  -0.04000,
,,,0.021653000000,  -0.04000,
,,,0.021654000000,  -0.04000,
,,,0.021655000000,  -0.04000,
,,,0.021656000000,  -0.04000,
,,,0.021657000000,  -0.04000,
,,,0.021658000000,  -0.04000,
,,,0.021659000000,  -0.04000,
,,,0.021660000000,  -0.04000,
,,,0.021661000000,  -0.04000,
,,,0.021662000000,  -0.04000,
,,,0.021663000000,  -0.04000,
,,,0.021664000000,  -0.04000,
,,,0.021665000000,   0.00000,
,,,0.021666000000,  -0.04000,
,,,0.021667000000,  -0.04000,
,,,0.021668000000,  -0.04000,
,,,0.021669000000,  -0.04000,
,,,0.021670000000,  -0.04000,
,,,0.021671000000,  -0.04000,
,,,0.021672000000,  -0.04000,
,,,0.021673000000,  -0.04000,
,,,0.021674000000,  -0.04000,
,,,0.021675000000,  -0.04000,
,,,0.021676000000,  -0.04000,
,,,0.021677000000,  -0.04000,
,,,0.021678000000,  -0.04000,
,,,0.021679000000,  -0.04000,
,,,0.021680000000,  -0.04000,
,,,0.021681000000,  -0.04000,
,,,0.021682000000,  -0.04000,
,,,0.021683000000,  -0.04000,
,,,0.021684000000,  -0.04000,
,,,0.021685000000,  -0.04000,
,,,0.021686000000,  -0.04000,
,,,0.021687000000,  -0.04000,
,,,0.021688000000,  -0.04000,
,,,0.021689000000,  -0.04000,
,,,0.021690000000,  -0.04000,
,,,0.021691000000,  -0.04000,
,,,0.021692000000,  -0.04000,
,,,0.021693000000,  -0.04000,
,,,0.021694000000,  -0.04000,
,,,0.021695000000,  -0.04000,
,,,0.021696000000,  -0.04000,
,,,0.021697000000,  -0.04000,
,,,0.021698000000,  -0.04000,
,,,0.021699000000,  -0.04000,
,,,0.021700000000,  -0.04000,
,,,0.021701000000,  -0.04000,
,,,0.021702000000,  -0.04000,
,,,0.021703000000,  -0.04000,
,,,0.021704000000,  -0.04000,
,,,0.021705000000,  -0.04000,
,,,0.021706000000,  -0.04000,
,,,0.021707000000,  -0.04000,
,,,0.021708000000,  -0.04000,
,,,0.021709000000,   0.00000,
,,,0.021710000000,  -0.04000,
,,,0.021711000000,  -0.04000,
,,,0.021712000000,  -0.04000,
,,,0.021713000000,  -0.04000,
,,,0.021714000000,  -0.04000,
,,,0.021715000000,  -0.04000,
,,,0.021716000000,  -0.04000,
,,,0.021717000000,  -0.04000,
,,,0.021718000000,  -0.04000,
,,,0.021719000000,  -0.04000,
,,,0.021720000000,  -0.04000,
,,,0.021721000000,  -0.04000,
,,,0.021722000000,  -0.04000,
,,,0.021723000000,  -0.04000,
,,,0.021724000000,  -0.04000,
,,,0.021725000000,  -0.04000,
,,,0.021726000000,  -0.04000,
,,,0.021727000000,  -0.04000,
,,,0.021728000000,  -0.04000,
,,,0.021729000000,  -0.04000,
,,,0.021730000000,  -0.04000,
,,,0.021731000000,  -0.04000,
,,,0.021732000000,  -0.04000,
,,,0.021733000000,  -0.04000,
,,,0.021734000000,  -0.04000,
,,,0.021735000000,  -0.04000,
,,,0.021736000000,  -0.04000,
,,,0.021737000000,  -0.04000,
,,,0.021738000000,  -0.04000,
,,,0.021739000000,  -0.04000,
,,,0.021740000000,  -0.04000,
,,,0.021741000000,  -0.04000,
,,,0.021742000000,  -0.04000,
,,,0.021743000000,  -0.04000,
,,,0.021744000000,  -0.04000,
,,,0.021745000000,  -0.04000,
,,,0.021746000000,  -0.04000,
,,,0.021747000000,  -0.04000,
,,,0.021748000000,  -0.04000,
,,,0.021749000000,  -0.04000,
,,,0.021750000000,  -0.04000,
,,,0.021751000000,  -0.04000,
,,,0.021752000000,  -0.04000,
,,,0.021753000000,  -0.04000,
,,,0.021754000000,  -0.04000,
,,,0.021755000000,  -0.04000,
,,,0.021756000000,   0.00000,
,,,0.021757000000,  -0.04000,
,,,0.021758000000,  -0.04000,
,,,0.021759000000,  -0.04000,
,,,0.021760000000,  -0.04000,
,,,0.021761000000,  -0.04000,
,,,0.021762000000,  -0.04000,
,,,0.021763000000,  -0.04000,
,,,0.021764000000,  -0.04000,
,,,0.021765000000,  -0.04000,
,,,0.021766000000,  -0.04000,
,,,0.021767000000,  -0.04000,
,,,0.021768000000,  -0.04000,
,,,0.021769000000,  -0.04000,
,,,0.021770000000,  -0.04000,
,,,0.021771000000,  -0.04000,
,,,0.021772000000,  -0.04000,
,,,0.021773000000,  -0.04000,
,,,0.021774000000,  -0.04000,
,,,0.021775000000,  -0.04000,
,,,0.021776000000,  -0.04000,
,,,0.021777000000,  -0.04000,
,,,0.021778000000,  -0.04000,
,,,0.021779000000,   0.00000,
,,,0.021780000000,   0.00000,
,,,0.021781000000,  -0.04000,
,,,0.021782000000,  -0.04000,
,,,0.021783000000,  -0.04000,
,,,0.021784000000,  -0.04000,
,,,0.021785000000,  -0.04000,
,,,0.021786000000,  -0.04000,
,,,0.021787000000,  -0.04000,
,,,0.021788000000,  -0.04000,
,,,0.021789000000,  -0.04000,
,,,0.021790000000,  -0.04000,
,,,0.021791000000,  -0.04000,
,,,0.021792000000,  -0.04000,
,,,0.021793000000,  -0.04000,
,,,0.021794000000,  -0.04000,
,,,0.021795000000,  -0.04000,
,,,0.021796000000,  -0.04000,
,,,0.021797000000,  -0.04000,
,,,0.021798000000,  -0.04000,
,,,0.021799000000,  -0.04000,
,,,0.021800000000,  -0.04000,
,,,0.021801000000,  -0.04000,
,,,0.021802000000,  -0.04000,
,,,0.021803000000,  -0.04000,
,,,0.021804000000,  -0.04000,
,,,0.021805000000,  -0.04000,
,,,0.021806000000,  -0.04000,
,,,0.021807000000,  -0.04000,
,,,0.021808000000,  -0.04000,
,,,0.021809000000,  -0.04000,
,,,0.021810000000,  -0.04000,
,,,0.021811000000,  -0.04000,
,,,0.021812000000,  -0.04000,
,,,0.021813000000,  -0.04000,
,,,0.021814000000,  -0.04000,
,,,0.021815000000,  -0.04000,
,,,0.021816000000,  -0.04000,
,,,0.021817000000,  -0.04000,
,,,0.021818000000,  -0.04000,
,,,0.021819000000,  -0.04000,
,,,0.021820000000,  -0.04000,
,,,0.021821000000,  -0.04000,
,,,0.021822000000,  -0.04000,
,,,0.021823000000,  -0.04000,
,,,0.021824000000,  -0.04000,
,,,0.021825000000,  -0.04000,
,,,0.021826000000,   0.00000,
,,,0.021827000000,  -0.04000,
,,,0.021828000000,  -0.04000,
,,,0.021829000000,  -0.04000,
,,,0.021830000000,  -0.04000,
,,,0.021831000000,  -0.04000,
,,,0.021832000000,  -0.04000,
,,,0.021833000000,  -0.04000,
,,,0.021834000000,  -0.04000,
,,,0.021835000000,  -0.04000,
,,,0.021836000000,  -0.04000,
,,,0.021837000000,  -0.04000,
,,,0.021838000000,  -0.04000,
,,,0.021839000000,  -0.04000,
,,,0.021840000000,  -0.04000,
,,,0.021841000000,  -0.04000,
,,,0.021842000000,  -0.04000,
,,,0.021843000000,  -0.04000,
,,,0.021844000000,  -0.04000,
,,,0.021845000000,  -0.04000,
,,,0.021846000000,  -0.04000,
,,,0.021847000000,  -0.04000,
,,,0.021848000000,  -0.04000,
,,,0.021849000000,  -0.04000,
,,,0.021850000000,  -0.04000,
,,,0.021851000000,  -0.04000,
,,,0.021852000000,  -0.04000,
,,,0.021853000000,  -0.04000,
,,,0.021854000000,  -0.04000,
,,,0.021855000000,  -0.04000,
,,,0.021856000000,  -0.04000,
,,,0.021857000000,  -0.04000,
,,,0.021858000000,  -0.04000,
,,,0.021859000000,  -0.04000,
,,,0.021860000000,  -0.04000,
,,,0.021861000000,  -0.04000,
,,,0.021862000000,  -0.04000,
,,,0.021863000000,  -0.04000,
,,,0.021864000000,  -0.04000,
,,,0.021865000000,  -0.04000,
,,,0.021866000000,  -0.04000,
,,,0.021867000000,  -0.04000,
,,,0.021868000000,  -0.04000,
,,,0.021869000000,   0.00000,
,,,0.021870000000,  -0.04000,
,,,0.021871000000,  -0.04000,
,,,0.021872000000,  -0.04000,
,,,0.021873000000,  -0.04000,
,,,0.021874000000,  -0.04000,
,,,0.021875000000,  -0.04000,
,,,0.021876000000,  -0.04000,
,,,0.021877000000,  -0.04000,
,,,0.021878000000,  -0.04000,
,,,0.021879000000,  -0.04000,
,,,0.021880000000,  -0.04000,
,,,0.021881000000,  -0.04000,
,,,0.021882000000,  -0.04000,
,,,0.021883000000,  -0.04000,
,,,0.021884000000,  -0.04000,
,,,0.021885000000,  -0.04000,
,,,0.021886000000,  -0.04000,
,,,0.021887000000,  -0.04000,
,,,0.021888000000,  -0.04000,
,,,0.021889000000,  -0.04000,
,,,0.021890000000,  -0.04000,
,,,0.021891000000,  -0.04000,
,,,0.021892000000,  -0.04000,
,,,0.021893000000,  -0.04000,
,,,0.021894000000,  -0.04000,
,,,0.021895000000,  -0.04000,
,,,0.021896000000,  -0.04000,
,,,0.021897000000,  -0.04000,
,,,0.021898000000,  -0.04000,
,,,0.021899000000,  -0.04000,
,,,0.021900000000,  -0.04000,
,,,0.021901000000,  -0.04000,
,,,0.021902000000,  -0.04000,
,,,0.021903000000,  -0.04000,
,,,0.021904000000,  -0.04000,
,,,0.021905000000,  -0.04000,
,,,0.021906000000,  -0.04000,
,,,0.021907000000,  -0.04000,
,,,0.021908000000,  -0.04000,
,,,0.021909000000,  -0.04000,
,,,0.021910000000,  -0.04000,
,,,0.021911000000,  -0.04000,
,,,0.021912000000,  -0.04000,
,,,0.021913000000,  -0.04000,
,,,0.021914000000,   0.00000,
,,,0.021915000000,  -0.04000,
,,,0.021916000000,  -0.04000,
,,,0.021917000000,  -0.04000,
,,,0.021918000000,  -0.04000,
,,,0.021919000000,  -0.04000,
,,,0.021920000000,  -0.04000,
,,,0.021921000000,  -0.04000,
,,,0.021922000000,  -0.04000,
,,,0.021923000000,  -0.04000,
,,,0.021924000000,  -0.04000,
,,,0.021925000000,  -0.04000,
,,,0.021926000000,  -0.04000,
,,,0.021927000000,  -0.04000,
,,,0.021928000000,  -0.04000,
,,,0.021929000000,  -0.04000,
,,,0.021930000000,  -0.04000,
,,,0.021931000000,  -0.04000,
,,,0.021932000000,  -0.04000,
,,,0.021933000000,  -0.04000,
,,,0.021934000000,   0.00000,
,,,0.021935000000,  -0.04000,
,,,0.021936000000,  -0.04000,
,,,0.021937000000,  -0.04000,
,,,0.021938000000,  -0.04000,
,,,0.021939000000,  -0.04000,
,,,0.021940000000,  -0.04000,
,,,0.021941000000,  -0.04000,
,,,0.021942000000,  -0.04000,
,,,0.021943000000,  -0.04000,
,,,0.021944000000,  -0.04000,
,,,0.021945000000,   0.00000,
,,,0.021946000000,  -0.04000,
,,,0.021947000000,  -0.04000,
,,,0.021948000000,  -0.04000,
,,,0.021949000000,  -0.04000,
,,,0.021950000000,  -0.04000,
,,,0.021951000000,  -0.04000,
,,,0.021952000000,  -0.04000,
,,,0.021953000000,  -0.04000,
,,,0.021954000000,  -0.04000,
,,,0.021955000000,  -0.04000,
,,,0.021956000000,  -0.04000,
,,,0.021957000000,  -0.04000,
,,,0.021958000000,  -0.04000,
,,,0.021959000000,  -0.04000,
,,,0.021960000000,  -0.04000,
,,,0.021961000000,  -0.04000,
,,,0.021962000000,  -0.04000,
,,,0.021963000000,  -0.04000,
,,,0.021964000000,  -0.04000,
,,,0.021965000000,  -0.04000,
,,,0.021966000000,  -0.04000,
,,,0.021967000000,  -0.04000,
,,,0.021968000000,  -0.04000,
,,,0.021969000000,  -0.04000,
,,,0.021970000000,  -0.04000,
,,,0.021971000000,  -0.04000,
,,,0.021972000000,  -0.04000,
,,,0.021973000000,  -0.04000,
,,,0.021974000000,  -0.04000,
,,,0.021975000000,  -0.04000,
,,,0.021976000000,  -0.04000,
,,,0.021977000000,  -0.04000,
,,,0.021978000000,  -0.04000,
,,,0.021979000000,  -0.04000,
,,,0.021980000000,  -0.04000,
,,,0.021981000000,  -0.04000,
,,,0.021982000000,  -0.04000,
,,,0.021983000000,   0.00000,
,,,0.021984000000,   0.00000,
,,,0.021985000000,  -0.04000,
,,,0.021986000000,  -0.04000,
,,,0.021987000000,  -0.04000,
,,,0.021988000000,  -0.04000,
,,,0.021989000000,  -0.04000,
,,,0.021990000000,  -0.04000,
,,,0.021991000000,  -0.04000,
,,,0.021992000000,  -0.04000,
,,,0.021993000000,  -0.04000,
,,,0.021994000000,  -0.04000,
,,,0.021995000000,  -0.04000,
,,,0.021996000000,  -0.04000,
,,,0.021997000000,  -0.04000,
,,,0.021998000000,  -0.04000,
,,,0.021999000000,  -0.04000,
,,,0.022000000000,  -0.04000,
,,,0.022001000000,  -0.04000,
,,,0.022002000000,  -0.04000,
,,,0.022003000000,  -0.04000,
,,,0.022004000000,  -0.04000,
,,,0.022005000000,  -0.04000,
,,,0.022006000000,  -0.04000,
,,,0.022007000000,  -0.04000,
,,,0.022008000000,  -0.04000,
,,,0.022009000000,  -0.04000,
,,,0.022010000000,  -0.04000,
,,,0.022011000000,  -0.04000,
,,,0.022012000000,  -0.04000,
,,,0.022013000000,  -0.04000,
,,,0.022014000000,  -0.04000,
,,,0.022015000000,  -0.04000,
,,,0.022016000000,   0.00000,
,,,0.022017000000,  -0.04000,
,,,0.022018000000,  -0.04000,
,,,0.022019000000,  -0.04000,
,,,0.022020000000,  -0.04000,
,,,0.022021000000,  -0.04000,
,,,0.022022000000,  -0.04000,
,,,0.022023000000,  -0.04000,
,,,0.022024000000,  -0.04000,
,,,0.022025000000,  -0.04000,
,,,0.022026000000,  -0.04000,
,,,0.022027000000,  -0.04000,
,,,0.022028000000,  -0.04000,
,,,0.022029000000,  -0.04000,
,,,0.022030000000,  -0.04000,
,,,0.022031000000,  -0.04000,
,,,0.022032000000,  -0.04000,
,,,0.022033000000,  -0.04000,
,,,0.022034000000,  -0.04000,
,,,0.022035000000,  -0.04000,
,,,0.022036000000,  -0.04000,
,,,0.022037000000,  -0.04000,
,,,0.022038000000,  -0.04000,
,,,0.022039000000,  -0.04000,
,,,0.022040000000,  -0.04000,
,,,0.022041000000,  -0.04000,
,,,0.022042000000,  -0.04000,
,,,0.022043000000,  -0.04000,
,,,0.022044000000,  -0.04000,
,,,0.022045000000,  -0.04000,
,,,0.022046000000,  -0.04000,
,,,0.022047000000,  -0.04000,
,,,0.022048000000,  -0.04000,
,,,0.022049000000,  -0.04000,
,,,0.022050000000,   0.00000,
,,,0.022051000000,  -0.04000,
,,,0.022052000000,  -0.04000,
,,,0.022053000000,  -0.04000,
,,,0.022054000000,  -0.04000,
,,,0.022055000000,  -0.04000,
,,,0.022056000000,  -0.04000,
,,,0.022057000000,  -0.04000,
,,,0.022058000000,   0.00000,
,,,0.022059000000,  -0.04000,
,,,0.022060000000,  -0.04000,
,,,0.022061000000,  -0.04000,
,,,0.022062000000,  -0.04000,
,,,0.022063000000,  -0.04000,
,,,0.022064000000,  -0.04000,
,,,0.022065000000,  -0.04000,
,,,0.022066000000,  -0.04000,
,,,0.022067000000,   0.00000,
,,,0.022068000000,  -0.04000,
,,,0.022069000000,  -0.04000,
,,,0.022070000000,  -0.04000,
,,,0.022071000000,  -0.04000,
,,,0.022072000000,  -0.04000,
,,,0.022073000000,  -0.04000,
,,,0.022074000000,  -0.04000,
,,,0.022075000000,  -0.04000,
,,,0.022076000000,  -0.04000,
,,,0.022077000000,  -0.04000,
,,,0.022078000000,  -0.04000,
,,,0.022079000000,  -0.04000,
,,,0.022080000000,  -0.04000,
,,,0.022081000000,  -0.04000,
,,,0.022082000000,  -0.04000,
,,,0.022083000000,  -0.04000,
,,,0.022084000000,  -0.04000,
,,,0.022085000000,  -0.04000,
,,,0.022086000000,  -0.04000,
,,,0.022087000000,  -0.04000,
,,,0.022088000000,   0.00000,
,,,0.022089000000,  -0.04000,
,,,0.022090000000,  -0.04000,
,,,0.022091000000,  -0.04000,
,,,0.022092000000,  -0.04000,
,,,0.022093000000,  -0.04000,
,,,0.022094000000,  -0.04000,
,,,0.022095000000,  -0.04000,
,,,0.022096000000,  -0.04000,
,,,0.022097000000,  -0.04000,
,,,0.022098000000,  -0.04000,
,,,0.022099000000,  -0.04000,
,,,0.022100000000,  -0.04000,
,,,0.022101000000,   0.00000,
,,,0.022102000000,  -0.04000,
,,,0.022103000000,  -0.04000,
,,,0.022104000000,   0.00000,
,,,0.022105000000,  -0.04000,
,,,0.022106000000,  -0.04000,
,,,0.022107000000,  -0.04000,
,,,0.022108000000,  -0.04000,
,,,0.022109000000,  -0.04000,
,,,0.022110000000,  -0.04000,
,,,0.022111000000,  -0.04000,
,,,0.022112000000,  -0.04000,
,,,0.022113000000,  -0.04000,
,,,0.022114000000,  -0.04000,
,,,0.022115000000,  -0.04000,
,,,0.022116000000,  -0.04000,
,,,0.022117000000,  -0.04000,
,,,0.022118000000,  -0.04000,
,,,0.022119000000,  -0.04000,
,,,0.022120000000,   0.00000,
,,,0.022121000000,  -0.04000,
,,,0.022122000000,  -0.04000,
,,,0.022123000000,  -0.04000,
,,,0.022124000000,  -0.04000,
,,,0.022125000000,  -0.04000,
,,,0.022126000000,  -0.04000,
,,,0.022127000000,  -0.04000,
,,,0.022128000000,  -0.04000,
,,,0.022129000000,  -0.04000,
,,,0.022130000000,  -0.04000,
,,,0.022131000000,   0.00000,
,,,0.022132000000,  -0.04000,
,,,0.022133000000,  -0.04000,
,,,0.022134000000,  -0.04000,
,,,0.022135000000,   0.00000,
,,,0.022136000000,  -0.04000,
,,,0.022137000000,  -0.04000,
,,,0.022138000000,  -0.04000,
,,,0.022139000000,  -0.04000,
,,,0.022140000000,  -0.04000,
,,,0.022141000000,  -0.04000,
,,,0.022142000000,  -0.04000,
,,,0.022143000000,  -0.04000,
,,,0.022144000000,  -0.04000,
,,,0.022145000000,  -0.04000,
,,,0.022146000000,  -0.04000,
,,,0.022147000000,  -0.04000,
,,,0.022148000000,  -0.04000,
,,,0.022149000000,  -0.04000,
,,,0.022150000000,  -0.04000,
,,,0.022151000000,  -0.04000,
,,,0.022152000000,  -0.04000,
,,,0.022153000000,  -0.04000,
,,,0.022154000000,  -0.04000,
,,,0.022155000000,  -0.04000,
,,,0.022156000000,  -0.04000,
,,,0.022157000000,  -0.04000,
,,,0.022158000000,  -0.04000,
,,,0.022159000000,  -0.04000,
,,,0.022160000000,  -0.04000,
,,,0.022161000000,  -0.04000,
,,,0.022162000000,  -0.04000,
,,,0.022163000000,  -0.04000,
,,,0.022164000000,   0.00000,
,,,0.022165000000,  -0.04000,
,,,0.022166000000,  -0.04000,
,,,0.022167000000,  -0.04000,
,,,0.022168000000,  -0.04000,
,,,0.022169000000,  -0.04000,
,,,0.022170000000,  -0.04000,
,,,0.022171000000,   0.00000,
,,,0.022172000000,  -0.04000,
,,,0.022173000000,  -0.04000,
,,,0.022174000000,  -0.04000,
,,,0.022175000000,  -0.04000,
,,,0.022176000000,  -0.04000,
,,,0.022177000000,  -0.04000,
,,,0.022178000000,  -0.04000,
,,,0.022179000000,   0.00000,
,,,0.022180000000,  -0.04000,
,,,0.022181000000,  -0.04000,
,,,0.022182000000,  -0.04000,
,,,0.022183000000,  -0.04000,
,,,0.022184000000,  -0.04000,
,,,0.022185000000,  -0.04000,
,,,0.022186000000,  -0.04000,
,,,0.022187000000,  -0.04000,
,,,0.022188000000,  -0.04000,
,,,0.022189000000,  -0.04000,
,,,0.022190000000,  -0.04000,
,,,0.022191000000,  -0.04000,
,,,0.022192000000,   0.00000,
,,,0.022193000000,   0.00000,
,,,0.022194000000,  -0.04000,
,,,0.022195000000,  -0.04000,
,,,0.022196000000,   0.00000,
,,,0.022197000000,  -0.04000,
,,,0.022198000000,  -0.04000,
,,,0.022199000000,  -0.04000,
,,,0.022200000000,  -0.04000,
,,,0.022201000000,  -0.04000,
,,,0.022202000000,   0.00000,
,,,0.022203000000,  -0.04000,
,,,0.022204000000,   0.00000,
,,,0.022205000000,  -0.04000,
,,,0.022206000000,  -0.04000,
,,,0.022207000000,  -0.04000,
,,,0.022208000000,  -0.04000,
,,,0.022209000000,  -0.04000,
,,,0.022210000000,  -0.04000,
,,,0.022211000000,  -0.04000,
,,,0.022212000000,  -0.04000,
,,,0.022213000000,  -0.04000,
,,,0.022214000000,  -0.04000,
,,,0.022215000000,  -0.04000,
,,,0.022216000000,  -0.04000,
,,,0.022217000000,  -0.04000,
,,,0.022218000000,  -0.04000,
,,,0.022219000000,  -0.04000,
,,,0.022220000000,  -0.04000,
,,,0.022221000000,  -0.04000,
,,,0.022222000000,  -0.04000,
,,,0.022223000000,  -0.04000,
,,,0.022224000000,  -0.04000,
,,,0.022225000000,  -0.04000,
,,,0.022226000000,  -0.04000,
,,,0.022227000000,  -0.04000,
,,,0.022228000000,  -0.04000,
,,,0.022229000000,  -0.04000,
,,,0.022230000000,  -0.04000,
,,,0.022231000000,  -0.04000,
,,,0.022232000000,  -0.04000,
,,,0.022233000000,  -0.04000,
,,,0.022234000000,  -0.04000,
,,,0.022235000000,  -0.04000,
,,,0.022236000000,  -0.04000,
,,,0.022237000000,  -0.04000,
,,,0.022238000000,  -0.04000,
,,,0.022239000000,  -0.04000,
,,,0.022240000000,  -0.04000,
,,,0.022241000000,  -0.04000,
,,,0.022242000000,  -0.04000,
,,,0.022243000000,  -0.04000,
,,,0.022244000000,  -0.04000,
,,,0.022245000000,  -0.04000,
,,,0.022246000000,  -0.04000,
,,,0.022247000000,  -0.04000,
,,,0.022248000000,  -0.04000,
,,,0.022249000000,  -0.04000,
,,,0.022250000000,  -0.04000,
,,,0.022251000000,  -0.04000,
,,,0.022252000000,  -0.04000,
,,,0.022253000000,  -0.04000,
,,,0.022254000000,  -0.04000,
,,,0.022255000000,  -0.04000,
,,,0.022256000000,  -0.04000,
,,,0.022257000000,   0.00000,
,,,0.022258000000,  -0.04000,
,,,0.022259000000,  -0.04000,
,,,0.022260000000,  -0.04000,
,,,0.022261000000,  -0.04000,
,,,0.022262000000,   0.00000,
,,,0.022263000000,  -0.04000,
,,,0.022264000000,  -0.04000,
,,,0.022265000000,  -0.04000,
,,,0.022266000000,  -0.04000,
,,,0.022267000000,  -0.04000,
,,,0.022268000000,  -0.04000,
,,,0.022269000000,  -0.04000,
,,,0.022270000000,  -0.04000,
,,,0.022271000000,  -0.04000,
,,,0.022272000000,  -0.04000,
,,,0.022273000000,  -0.04000,
,,,0.022274000000,  -0.04000,
,,,0.022275000000,  -0.04000,
,,,0.022276000000,  -0.04000,
,,,0.022277000000,  -0.04000,
,,,0.022278000000,  -0.04000,
,,,0.022279000000,  -0.04000,
,,,0.022280000000,  -0.04000,
,,,0.022281000000,  -0.04000,
,,,0.022282000000,  -0.04000,
,,,0.022283000000,  -0.04000,
,,,0.022284000000,  -0.04000,
,,,0.022285000000,  -0.04000,
,,,0.022286000000,  -0.04000,
,,,0.022287000000,  -0.04000,
,,,0.022288000000,  -0.04000,
,,,0.022289000000,  -0.04000,
,,,0.022290000000,  -0.04000,
,,,0.022291000000,  -0.04000,
,,,0.022292000000,   0.00000,
,,,0.022293000000,  -0.04000,
,,,0.022294000000,  -0.04000,
,,,0.022295000000,  -0.04000,
,,,0.022296000000,  -0.04000,
,,,0.022297000000,  -0.04000,
,,,0.022298000000,  -0.04000,
,,,0.022299000000,   0.00000,
,,,0.022300000000,  -0.04000,
,,,0.022301000000,  -0.04000,
,,,0.022302000000,  -0.04000,
,,,0.022303000000,  -0.04000,
,,,0.022304000000,  -0.04000,
,,,0.022305000000,  -0.04000,
,,,0.022306000000,  -0.04000,
,,,0.022307000000,  -0.04000,
,,,0.022308000000,  -0.04000,
,,,0.022309000000,  -0.04000,
,,,0.022310000000,  -0.04000,
,,,0.022311000000,  -0.04000,
,,,0.022312000000,  -0.04000,
,,,0.022313000000,  -0.04000,
,,,0.022314000000,   0.00000,
,,,0.022315000000,  -0.04000,
,,,0.022316000000,  -0.04000,
,,,0.022317000000,   0.00000,
,,,0.022318000000,  -0.04000,
,,,0.022319000000,  -0.04000,
,,,0.022320000000,  -0.04000,
,,,0.022321000000,  -0.04000,
,,,0.022322000000,  -0.04000,
,,,0.022323000000,  -0.04000,
,,,0.022324000000,  -0.04000,
,,,0.022325000000,   0.00000,
,,,0.022326000000,  -0.04000,
,,,0.022327000000,  -0.04000,
,,,0.022328000000,  -0.04000,
,,,0.022329000000,  -0.04000,
,,,0.022330000000,  -0.04000,
,,,0.022331000000,  -0.04000,
,,,0.022332000000,  -0.04000,
,,,0.022333000000,  -0.04000,
,,,0.022334000000,  -0.04000,
,,,0.022335000000,  -0.04000,
,,,0.022336000000,  -0.04000,
,,,0.022337000000,  -0.04000,
,,,0.022338000000,  -0.04000,
,,,0.022339000000,  -0.04000,
